{
"type": "FeatureCollection",
"name": "climateprice_output",
"crs": { "type": "name", "properties": { "name": "urn:ogc:def:crs:OGC:1.3:CRS84" } },
"features": [
{ "type": "Feature", "properties": { "zone_id": "750000", "price_m2": 9448.0, "heat_score": 79.9, "flood_score": 4.7, "elevation": 64.2, "dist_seine": 4.14, "n_sales": 292, "risk": 34.78, "risk_score": 34.775269, "cluster": 2, "cluster_name": "heat-exposed, affordable", "price_baseline": 9461.0488, "discount_SSP2_2035": 0.01721376, "price_future_SSP2_2035": 9298.1885, "verdict_SSP2_2035": "Buy", "discount_SSP2_2045": 0.028689599, "price_future_SSP2_2045": 9189.6152, "verdict_SSP2_2045": "Buy", "discount_SSP5_2035": 0.031297743, "price_future_SSP5_2035": 9164.9395, "verdict_SSP5_2035": "Buy", "discount_SSP5_2045": 0.052162904, "price_future_SSP5_2045": 8967.5332, "verdict_SSP5_2045": "Caution" }, "geometry": { "type": "Polygon", "coordinates": [ [ [ 2.260625, 48.815 ], [ 2.260625, 48.8204375 ], [ 2.25, 48.8204375 ], [ 2.25, 48.815 ], [ 2.260625, 48.815 ] ] ] } },
{ "type": "Feature", "properties": { "zone_id": "750001", "price_m2": 10117.0, "heat_score": 77.2, "flood_score": 5.2, "elevation": 66.7, "dist_seine": 3.53, "n_sales": 318, "risk": 34.0, "risk_score": 33.990971, "cluster": 2, "cluster_name": "heat-exposed, affordable", "price_baseline": 10146.999, "discount_SSP2_2035": 0.016825533, "price_future_SSP2_2035": 9976.2705, "verdict_SSP2_2035": "Buy", "discount_SSP2_2045": 0.028042553, "price_future_SSP2_2045": 9862.4512, "verdict_SSP2_2045": "Buy", "discount_SSP5_2035": 0.030591875, "price_future_SSP5_2035": 9836.584, "verdict_SSP5_2035": "Buy", "discount_SSP5_2045": 0.050986458, "price_future_SSP5_2045": 9629.6396, "verdict_SSP5_2045": "Caution" }, "geometry": { "type": "Polygon", "coordinates": [ [ [ 2.260625, 48.8204375 ], [ 2.260625, 48.825875 ], [ 2.25, 48.825875 ], [ 2.25, 48.8204375 ], [ 2.260625, 48.8204375 ] ] ] } },
{ "type": "Feature", "properties": { "zone_id": "750002", "price_m2": 9445.0, "heat_score": 62.0, "flood_score": 4.4, "elevation": 57.9, "dist_seine": 2.93, "n_sales": 45, "risk": 27.44, "risk_score": 27.437622, "cluster": 2, "cluster_name": "heat-exposed, affordable", "price_baseline": 9458.418, "discount_SSP2_2035": 0.013581624, "price_future_SSP2_2035": 9329.957, "verdict_SSP2_2035": "Buy", "discount_SSP2_2045": 0.022636039, "price_future_SSP2_2045": 9244.3164, "verdict_SSP2_2045": "Buy", "discount_SSP5_2035": 0.024693862, "price_future_SSP5_2035": 9224.8535, "verdict_SSP5_2035": "Buy", "discount_SSP5_2045": 0.041156434, "price_future_SSP5_2045": 9069.1436, "verdict_SSP5_2045": "Caution" }, "geometry": { "type": "Polygon", "coordinates": [ [ [ 2.260625, 48.825875 ], [ 2.260625, 48.8313125 ], [ 2.25, 48.8313125 ], [ 2.25, 48.825875 ], [ 2.260625, 48.825875 ] ] ] } },
{ "type": "Feature", "properties": { "zone_id": "750003", "price_m2": 10809.0, "heat_score": 70.3, "flood_score": 13.6, "elevation": 54.9, "dist_seine": 2.33, "n_sales": 388, "risk": 36.28, "risk_score": 36.30003, "cluster": 2, "cluster_name": "heat-exposed, affordable", "price_baseline": 10933.232, "discount_SSP2_2035": 0.017968517, "price_future_SSP2_2035": 10736.778, "verdict_SSP2_2035": "Buy", "discount_SSP2_2045": 0.029947527, "price_future_SSP2_2045": 10605.81, "verdict_SSP2_2045": "Buy", "discount_SSP5_2035": 0.032670029, "price_future_SSP5_2035": 10576.044, "verdict_SSP5_2035": "Buy", "discount_SSP5_2045": 0.054450046, "price_future_SSP5_2045": 10337.918, "verdict_SSP5_2045": "Caution" }, "geometry": { "type": "Polygon", "coordinates": [ [ [ 2.260625, 48.8313125 ], [ 2.260625, 48.83675 ], [ 2.25, 48.83675 ], [ 2.25, 48.8313125 ], [ 2.260625, 48.8313125 ] ] ] } },
{ "type": "Feature", "properties": { "zone_id": "750004", "price_m2": 10681.0, "heat_score": 56.0, "flood_score": 34.5, "elevation": 52.2, "dist_seine": 1.72, "n_sales": 280, "risk": 43.1, "risk_score": 43.115963, "cluster": 0, "cluster_name": "expensive", "price_baseline": 10700.54, "discount_SSP2_2035": 0.021342402, "price_future_SSP2_2035": 10472.165, "verdict_SSP2_2035": "Buy", "discount_SSP2_2045": 0.03557067, "price_future_SSP2_2045": 10319.914, "verdict_SSP2_2045": "Buy", "discount_SSP5_2035": 0.038804367, "price_future_SSP5_2035": 10285.312, "verdict_SSP5_2035": "Buy", "discount_SSP5_2045": 0.064673945, "price_future_SSP5_2045": 10008.494, "verdict_SSP5_2045": "Caution" }, "geometry": { "type": "Polygon", "coordinates": [ [ [ 2.260625, 48.83675 ], [ 2.260625, 48.8421875 ], [ 2.25, 48.8421875 ], [ 2.25, 48.83675 ], [ 2.260625, 48.83675 ] ] ] } },
{ "type": "Feature", "properties": { "zone_id": "750005", "price_m2": 11251.0, "heat_score": 54.4, "flood_score": 35.2, "elevation": 44.7, "dist_seine": 1.12, "n_sales": 200, "risk": 42.88, "risk_score": 47.25441, "cluster": 0, "cluster_name": "expensive", "price_baseline": 11353.24, "discount_SSP2_2035": 0.023390936, "price_future_SSP2_2035": 11087.677, "verdict_SSP2_2035": "Buy", "discount_SSP2_2045": 0.038984891, "price_future_SSP2_2045": 10910.636, "verdict_SSP2_2045": "Buy", "discount_SSP5_2035": 0.042528972, "price_future_SSP5_2035": 10870.398, "verdict_SSP5_2035": "Caution", "discount_SSP5_2045": 0.07088162, "price_future_SSP5_2045": 10548.504, "verdict_SSP5_2045": "Caution" }, "geometry": { "type": "Polygon", "coordinates": [ [ [ 2.260625, 48.8421875 ], [ 2.260625, 48.847625 ], [ 2.25, 48.847625 ], [ 2.25, 48.8421875 ], [ 2.260625, 48.8421875 ] ] ] } },
{ "type": "Feature", "properties": { "zone_id": "750006", "price_m2": 12076.0, "heat_score": 52.6, "flood_score": 66.1, "elevation": 40.0, "dist_seine": 0.52, "n_sales": 199, "risk": 60.7, "risk_score": 60.680302, "cluster": 3, "cluster_name": "flood-exposed, expensive", "price_baseline": 12072.953, "discount_SSP2_2035": 0.030036749, "price_future_SSP2_2035": 11710.321, "verdict_SSP2_2035": "Buy", "discount_SSP2_2045": 0.050061248, "price_future_SSP2_2045": 11468.566, "verdict_SSP2_2045": "Caution", "discount_SSP5_2035": 0.054612271, "price_future_SSP5_2035": 11413.622, "verdict_SSP5_2035": "Caution", "discount_SSP5_2045": 0.09102045, "price_future_SSP5_2045": 10974.067, "verdict_SSP5_2045": "Avoid" }, "geometry": { "type": "Polygon", "coordinates": [ [ [ 2.260625, 48.847625 ], [ 2.260625, 48.8530625 ], [ 2.25, 48.8530625 ], [ 2.25, 48.847625 ], [ 2.260625, 48.847625 ] ] ] } },
{ "type": "Feature", "properties": { "zone_id": "750007", "price_m2": 12742.0, "heat_score": 63.7, "flood_score": 91.4, "elevation": 33.1, "dist_seine": 0.09, "n_sales": 287, "risk": 80.32, "risk_score": 80.309921, "cluster": 3, "cluster_name": "flood-exposed, expensive", "price_baseline": 12829.757, "discount_SSP2_2035": 0.039753415, "price_future_SSP2_2035": 12319.729, "verdict_SSP2_2035": "Buy", "discount_SSP2_2045": 0.066255689, "price_future_SSP2_2045": 11979.713, "verdict_SSP2_2045": "Caution", "discount_SSP5_2035": 0.072278932, "price_future_SSP5_2035": 11902.436, "verdict_SSP5_2035": "Caution", "discount_SSP5_2045": 0.12046488, "price_future_SSP5_2045": 11284.222, "verdict_SSP5_2045": "Avoid" }, "geometry": { "type": "Polygon", "coordinates": [ [ [ 2.260625, 48.8530625 ], [ 2.260625, 48.8585 ], [ 2.25, 48.8585 ], [ 2.25, 48.8530625 ], [ 2.260625, 48.8530625 ] ] ] } },
{ "type": "Feature", "properties": { "zone_id": "750008", "price_m2": 11919.0, "heat_score": 69.4, "flood_score": 47.8, "elevation": 42.9, "dist_seine": 0.69, "n_sales": 152, "risk": 56.44, "risk_score": 54.273029, "cluster": 3, "cluster_name": "flood-exposed, expensive", "price_baseline": 11919.664, "discount_SSP2_2035": 0.026865153, "price_future_SSP2_2035": 11599.44, "verdict_SSP2_2035": "Buy", "discount_SSP2_2045": 0.044775251, "price_future_SSP2_2045": 11385.958, "verdict_SSP2_2045": "Caution", "discount_SSP5_2035": 0.048845727, "price_future_SSP5_2035": 11337.439, "verdict_SSP5_2035": "Caution", "discount_SSP5_2045": 0.081409544, "price_future_SSP5_2045": 10949.289, "verdict_SSP5_2045": "Avoid" }, "geometry": { "type": "Polygon", "coordinates": [ [ [ 2.260625, 48.8585 ], [ 2.260625, 48.8639375 ], [ 2.25, 48.8639375 ], [ 2.25, 48.8585 ], [ 2.260625, 48.8585 ] ] ] } },
{ "type": "Feature", "properties": { "zone_id": "750009", "price_m2": 12199.0, "heat_score": 47.0, "flood_score": 38.3, "elevation": 46.8, "dist_seine": 1.29, "n_sales": 185, "risk": 41.78, "risk_score": 41.775082, "cluster": 0, "cluster_name": "expensive", "price_baseline": 12189.768, "discount_SSP2_2035": 0.020678667, "price_future_SSP2_2035": 11937.7, "verdict_SSP2_2035": "Buy", "discount_SSP2_2045": 0.034464445, "price_future_SSP2_2045": 11769.654, "verdict_SSP2_2045": "Buy", "discount_SSP5_2035": 0.037597574, "price_future_SSP5_2035": 11731.462, "verdict_SSP5_2035": "Buy", "discount_SSP5_2045": 0.062662624, "price_future_SSP5_2045": 11425.925, "verdict_SSP5_2045": "Caution" }, "geometry": { "type": "Polygon", "coordinates": [ [ [ 2.260625, 48.8639375 ], [ 2.260625, 48.869375 ], [ 2.25, 48.869375 ], [ 2.25, 48.8639375 ], [ 2.260625, 48.8639375 ] ] ] } },
{ "type": "Feature", "properties": { "zone_id": "750010", "price_m2": 11113.0, "heat_score": 71.0, "flood_score": 24.0, "elevation": 51.5, "dist_seine": 1.9, "n_sales": 147, "risk": 42.8, "risk_score": 42.78215, "cluster": 0, "cluster_name": "expensive", "price_baseline": 11151.461, "discount_SSP2_2035": 0.021177167, "price_future_SSP2_2035": 10915.305, "verdict_SSP2_2035": "Buy", "discount_SSP2_2045": 0.035295278, "price_future_SSP2_2045": 10757.867, "verdict_SSP2_2045": "Buy", "discount_SSP5_2035": 0.038503937, "price_future_SSP5_2035": 10722.086, "verdict_SSP5_2035": "Buy", "discount_SSP5_2045": 0.064173229, "price_future_SSP5_2045": 10435.836, "verdict_SSP5_2045": "Caution" }, "geometry": { "type": "Polygon", "coordinates": [ [ [ 2.260625, 48.869375 ], [ 2.260625, 48.8748125 ], [ 2.25, 48.8748125 ], [ 2.25, 48.869375 ], [ 2.260625, 48.869375 ] ] ] } },
{ "type": "Feature", "properties": { "zone_id": "750011", "price_m2": 11748.0, "heat_score": 73.8, "flood_score": 10.5, "elevation": 56.4, "dist_seine": 2.5, "n_sales": 28, "risk": 35.82, "risk_score": 35.817783, "cluster": 2, "cluster_name": "heat-exposed, affordable", "price_baseline": 11732.954, "discount_SSP2_2035": 0.017729804, "price_future_SSP2_2035": 11524.931, "verdict_SSP2_2035": "Buy", "discount_SSP2_2045": 0.029549673, "price_future_SSP2_2045": 11386.249, "verdict_SSP2_2045": "Buy", "discount_SSP5_2035": 0.032236006, "price_future_SSP5_2035": 11354.73, "verdict_SSP5_2035": "Buy", "discount_SSP5_2045": 0.053726677, "price_future_SSP5_2045": 11102.581, "verdict_SSP5_2045": "Caution" }, "geometry": { "type": "Polygon", "coordinates": [ [ [ 2.260625, 48.8748125 ], [ 2.260625, 48.88025 ], [ 2.25, 48.88025 ], [ 2.25, 48.8748125 ], [ 2.260625, 48.8748125 ] ] ] } },
{ "type": "Feature", "properties": { "zone_id": "750012", "price_m2": 9793.0, "heat_score": 59.5, "flood_score": 10.9, "elevation": 55.5, "dist_seine": 3.1, "n_sales": 148, "risk": 30.34, "risk_score": 30.399473, "cluster": 2, "cluster_name": "heat-exposed, affordable", "price_baseline": 9986.3369, "discount_SSP2_2035": 0.015047742, "price_future_SSP2_2035": 9836.0654, "verdict_SSP2_2035": "Buy", "discount_SSP2_2045": 0.025079569, "price_future_SSP2_2045": 9735.8838, "verdict_SSP2_2045": "Buy", "discount_SSP5_2035": 0.02735953, "price_future_SSP5_2035": 9713.1152, "verdict_SSP5_2035": "Buy", "discount_SSP5_2045": 0.045599215, "price_future_SSP5_2045": 9530.9678, "verdict_SSP5_2045": "Caution" }, "geometry": { "type": "Polygon", "coordinates": [ [ [ 2.260625, 48.88025 ], [ 2.260625, 48.8856875 ], [ 2.25, 48.8856875 ], [ 2.25, 48.88025 ], [ 2.260625, 48.88025 ] ] ] } },
{ "type": "Feature", "properties": { "zone_id": "750013", "price_m2": 9781.0, "heat_score": 80.0, "flood_score": 6.5, "elevation": 66.9, "dist_seine": 3.71, "n_sales": 385, "risk": 35.9, "risk_score": 35.903423, "cluster": 2, "cluster_name": "heat-exposed, affordable", "price_baseline": 9784.2764, "discount_SSP2_2035": 0.017772198, "price_future_SSP2_2035": 9610.3887, "verdict_SSP2_2035": "Buy", "discount_SSP2_2045": 0.029620327, "price_future_SSP2_2045": 9494.4629, "verdict_SSP2_2045": "Buy", "discount_SSP5_2035": 0.032313086, "price_future_SSP5_2035": 9468.1162, "verdict_SSP5_2035": "Buy", "discount_SSP5_2045": 0.05385514, "price_future_SSP5_2045": 9257.3428, "verdict_SSP5_2045": "Caution" }, "geometry": { "type": "Polygon", "coordinates": [ [ [ 2.260625, 48.8856875 ], [ 2.260625, 48.891125 ], [ 2.25, 48.891125 ], [ 2.25, 48.8856875 ], [ 2.260625, 48.8856875 ] ] ] } },
{ "type": "Feature", "properties": { "zone_id": "750014", "price_m2": 10472.0, "heat_score": 78.5, "flood_score": 1.7, "elevation": 70.8, "dist_seine": 4.31, "n_sales": 227, "risk": 32.42, "risk_score": 32.420284, "cluster": 2, "cluster_name": "heat-exposed, affordable", "price_baseline": 10486.262, "discount_SSP2_2035": 0.016048042, "price_future_SSP2_2035": 10317.979, "verdict_SSP2_2035": "Buy", "discount_SSP2_2045": 0.026746735, "price_future_SSP2_2045": 10205.788, "verdict_SSP2_2045": "Buy", "discount_SSP5_2035": 0.029178258, "price_future_SSP5_2035": 10180.291, "verdict_SSP5_2035": "Buy", "discount_SSP5_2045": 0.048630428, "price_future_SSP5_2045": 9976.3105, "verdict_SSP5_2045": "Caution" }, "geometry": { "type": "Polygon", "coordinates": [ [ [ 2.260625, 48.891125 ], [ 2.260625, 48.8965625 ], [ 2.25, 48.8965625 ], [ 2.25, 48.891125 ], [ 2.260625, 48.891125 ] ] ] } },
{ "type": "Feature", "properties": { "zone_id": "750015", "price_m2": 9680.0, "heat_score": 60.1, "flood_score": 0.0, "elevation": 79.1, "dist_seine": 4.92, "n_sales": 87, "risk": 24.04, "risk_score": 24.030949, "cluster": 1, "cluster_name": "affordable", "price_baseline": 9706.1133, "discount_SSP2_2035": 0.011895321, "price_future_SSP2_2035": 9590.6562, "verdict_SSP2_2035": "Buy", "discount_SSP2_2045": 0.019825535, "price_future_SSP2_2045": 9513.6846, "verdict_SSP2_2045": "Buy", "discount_SSP5_2035": 0.021627856, "price_future_SSP5_2035": 9496.1914, "verdict_SSP5_2035": "Buy", "discount_SSP5_2045": 0.036046427, "price_future_SSP5_2045": 9356.2422, "verdict_SSP5_2045": "Buy" }, "geometry": { "type": "Polygon", "coordinates": [ [ [ 2.260625, 48.8965625 ], [ 2.260625, 48.902 ], [ 2.25, 48.902 ], [ 2.25, 48.8965625 ], [ 2.260625, 48.8965625 ] ] ] } },
{ "type": "Feature", "properties": { "zone_id": "750100", "price_m2": 11004.0, "heat_score": 68.4, "flood_score": 0.0, "elevation": 69.2, "dist_seine": 4.14, "n_sales": 86, "risk": 27.36, "risk_score": 27.362869, "cluster": 2, "cluster_name": "heat-exposed, affordable", "price_baseline": 11053.391, "discount_SSP2_2035": 0.013544621, "price_future_SSP2_2035": 10903.677, "verdict_SSP2_2035": "Buy", "discount_SSP2_2045": 0.022574367, "price_future_SSP2_2045": 10803.867, "verdict_SSP2_2045": "Buy", "discount_SSP5_2035": 0.024626583, "price_future_SSP5_2035": 10781.183, "verdict_SSP5_2035": "Buy", "discount_SSP5_2045": 0.041044302, "price_future_SSP5_2045": 10599.712, "verdict_SSP5_2045": "Caution" }, "geometry": { "type": "Polygon", "coordinates": [ [ [ 2.27125, 48.815 ], [ 2.27125, 48.8204375 ], [ 2.260625, 48.8204375 ], [ 2.260625, 48.815 ], [ 2.27125, 48.815 ] ] ] } },
{ "type": "Feature", "properties": { "zone_id": "750101", "price_m2": 8726.0, "heat_score": 58.7, "flood_score": 2.1, "elevation": 62.6, "dist_seine": 3.53, "n_sales": 243, "risk": 24.74, "risk_score": 24.740412, "cluster": 1, "cluster_name": "affordable", "price_baseline": 8810.2783, "discount_SSP2_2035": 0.012246505, "price_future_SSP2_2035": 8702.3838, "verdict_SSP2_2035": "Buy", "discount_SSP2_2045": 0.020410841, "price_future_SSP2_2045": 8630.4531, "verdict_SSP2_2045": "Buy", "discount_SSP5_2035": 0.022266373, "price_future_SSP5_2035": 8614.1055, "verdict_SSP5_2035": "Buy", "discount_SSP5_2045": 0.037110619, "price_future_SSP5_2045": 8483.3232, "verdict_SSP5_2045": "Buy" }, "geometry": { "type": "Polygon", "coordinates": [ [ [ 2.27125, 48.8204375 ], [ 2.27125, 48.825875 ], [ 2.260625, 48.825875 ], [ 2.260625, 48.8204375 ], [ 2.27125, 48.8204375 ] ] ] } },
{ "type": "Feature", "properties": { "zone_id": "750102", "price_m2": 9522.0, "heat_score": 71.0, "flood_score": 3.6, "elevation": 59.7, "dist_seine": 2.93, "n_sales": 226, "risk": 30.56, "risk_score": 30.561787, "cluster": 2, "cluster_name": "heat-exposed, affordable", "price_baseline": 9552.9795, "discount_SSP2_2035": 0.015128085, "price_future_SSP2_2035": 9408.4609, "verdict_SSP2_2035": "Buy", "discount_SSP2_2045": 0.025213474, "price_future_SSP2_2045": 9312.1152, "verdict_SSP2_2045": "Buy", "discount_SSP5_2035": 0.02750561, "price_future_SSP5_2035": 9290.2188, "verdict_SSP5_2035": "Buy", "discount_SSP5_2045": 0.045842681, "price_future_SSP5_2045": 9115.0449, "verdict_SSP5_2045": "Caution" }, "geometry": { "type": "Polygon", "coordinates": [ [ [ 2.27125, 48.825875 ], [ 2.27125, 48.8313125 ], [ 2.260625, 48.8313125 ], [ 2.260625, 48.825875 ], [ 2.27125, 48.825875 ] ] ] } },
{ "type": "Feature", "properties": { "zone_id": "750103", "price_m2": 10916.0, "heat_score": 66.1, "flood_score": 15.7, "elevation": 56.8, "dist_seine": 2.33, "n_sales": 199, "risk": 35.86, "risk_score": 35.852055, "cluster": 2, "cluster_name": "heat-exposed, affordable", "price_baseline": 10943.81, "discount_SSP2_2035": 0.017746769, "price_future_SSP2_2035": 10749.593, "verdict_SSP2_2035": "Buy", "discount_SSP2_2045": 0.029577946, "price_future_SSP2_2045": 10620.114, "verdict_SSP2_2045": "Buy", "discount_SSP5_2035": 0.032266852, "price_future_SSP5_2035": 10590.688, "verdict_SSP5_2035": "Buy", "discount_SSP5_2045": 0.053778082, "price_future_SSP5_2045": 10355.272, "verdict_SSP5_2045": "Caution" }, "geometry": { "type": "Polygon", "coordinates": [ [ [ 2.27125, 48.8313125 ], [ 2.27125, 48.83675 ], [ 2.260625, 48.83675 ], [ 2.260625, 48.8313125 ], [ 2.27125, 48.8313125 ] ] ] } },
{ "type": "Feature", "properties": { "zone_id": "750104", "price_m2": 12729.0, "heat_score": 71.1, "flood_score": 23.0, "elevation": 49.6, "dist_seine": 1.72, "n_sales": 376, "risk": 42.24, "risk_score": 42.251564, "cluster": 0, "cluster_name": "expensive", "price_baseline": 12682.642, "discount_SSP2_2035": 0.020914529, "price_future_SSP2_2035": 12417.39, "verdict_SSP2_2035": "Buy", "discount_SSP2_2045": 0.034857545, "price_future_SSP2_2045": 12240.556, "verdict_SSP2_2045": "Buy", "discount_SSP5_2035": 0.038026411, "price_future_SSP5_2035": 12200.366, "verdict_SSP5_2035": "Buy", "discount_SSP5_2045": 0.063377351, "price_future_SSP5_2045": 11878.849, "verdict_SSP5_2045": "Caution" }, "geometry": { "type": "Polygon", "coordinates": [ [ [ 2.27125, 48.83675 ], [ 2.27125, 48.8421875 ], [ 2.260625, 48.8421875 ], [ 2.260625, 48.83675 ], [ 2.27125, 48.83675 ] ] ] } },
{ "type": "Feature", "properties": { "zone_id": "750105", "price_m2": 10761.0, "heat_score": 55.7, "flood_score": 44.2, "elevation": 50.3, "dist_seine": 1.12, "n_sales": 312, "risk": 48.8, "risk_score": 48.800209, "cluster": 0, "cluster_name": "expensive", "price_baseline": 10794.832, "discount_SSP2_2035": 0.024156105, "price_future_SSP2_2035": 10534.071, "verdict_SSP2_2035": "Buy", "discount_SSP2_2045": 0.040260173, "price_future_SSP2_2045": 10360.23, "verdict_SSP2_2045": "Caution", "discount_SSP5_2035": 0.043920189, "price_future_SSP5_2035": 10320.722, "verdict_SSP5_2035": "Caution", "discount_SSP5_2045": 0.073200315, "price_future_SSP5_2045": 10004.646, "verdict_SSP5_2045": "Caution" }, "geometry": { "type": "Polygon", "coordinates": [ [ [ 2.27125, 48.8421875 ], [ 2.27125, 48.847625 ], [ 2.260625, 48.847625 ], [ 2.260625, 48.8421875 ], [ 2.27125, 48.8421875 ] ] ] } },
{ "type": "Feature", "properties": { "zone_id": "750106", "price_m2": 11273.0, "heat_score": 75.6, "flood_score": 69.2, "elevation": 39.0, "dist_seine": 0.52, "n_sales": 88, "risk": 71.76, "risk_score": 69.420212, "cluster": 3, "cluster_name": "flood-exposed, expensive", "price_baseline": 11312.534, "discount_SSP2_2035": 0.034363009, "price_future_SSP2_2035": 10923.801, "verdict_SSP2_2035": "Buy", "discount_SSP2_2045": 0.057271678, "price_future_SSP2_2045": 10664.646, "verdict_SSP2_2045": "Caution", "discount_SSP5_2035": 0.062478196, "price_future_SSP5_2035": 10605.748, "verdict_SSP5_2035": "Caution", "discount_SSP5_2045": 0.10413032, "price_future_SSP5_2045": 10134.557, "verdict_SSP5_2045": "Avoid" }, "geometry": { "type": "Polygon", "coordinates": [ [ [ 2.27125, 48.847625 ], [ 2.27125, 48.8530625 ], [ 2.260625, 48.8530625 ], [ 2.260625, 48.847625 ], [ 2.27125, 48.847625 ] ] ] } },
{ "type": "Feature", "properties": { "zone_id": "750107", "price_m2": 13400.0, "heat_score": 57.7, "flood_score": 90.8, "elevation": 36.6, "dist_seine": 0.09, "n_sales": 82, "risk": 77.56, "risk_score": 77.565292, "cluster": 3, "cluster_name": "flood-exposed, expensive", "price_baseline": 13442.27, "discount_SSP2_2035": 0.038394827, "price_future_SSP2_2035": 12926.156, "verdict_SSP2_2035": "Buy", "discount_SSP2_2045": 0.063991375, "price_future_SSP2_2045": 12582.08, "verdict_SSP2_2045": "Caution", "discount_SSP5_2035": 0.069808774, "price_future_SSP5_2035": 12503.881, "verdict_SSP5_2035": "Caution", "discount_SSP5_2045": 0.11634795, "price_future_SSP5_2045": 11878.289, "verdict_SSP5_2045": "Avoid" }, "geometry": { "type": "Polygon", "coordinates": [ [ [ 2.27125, 48.8530625 ], [ 2.27125, 48.8585 ], [ 2.260625, 48.8585 ], [ 2.260625, 48.8530625 ], [ 2.27125, 48.8530625 ] ] ] } },
{ "type": "Feature", "properties": { "zone_id": "750108", "price_m2": 11485.0, "heat_score": 69.3, "flood_score": 57.4, "elevation": 41.1, "dist_seine": 0.69, "n_sales": 380, "risk": 62.16, "risk_score": 62.173862, "cluster": 3, "cluster_name": "flood-exposed, expensive", "price_baseline": 11625.655, "discount_SSP2_2035": 0.030776063, "price_future_SSP2_2035": 11267.863, "verdict_SSP2_2035": "Buy", "discount_SSP2_2045": 0.051293436, "price_future_SSP2_2045": 11029.336, "verdict_SSP2_2045": "Caution", "discount_SSP5_2035": 0.055956479, "price_future_SSP5_2035": 10975.124, "verdict_SSP5_2035": "Caution", "discount_SSP5_2045": 0.093260795, "price_future_SSP5_2045": 10541.438, "verdict_SSP5_2045": "Avoid" }, "geometry": { "type": "Polygon", "coordinates": [ [ [ 2.27125, 48.8585 ], [ 2.27125, 48.8639375 ], [ 2.260625, 48.8639375 ], [ 2.260625, 48.8585 ], [ 2.27125, 48.8585 ] ] ] } },
{ "type": "Feature", "properties": { "zone_id": "750109", "price_m2": 11620.0, "heat_score": 30.0, "flood_score": 42.3, "elevation": 42.0, "dist_seine": 1.29, "n_sales": 111, "risk": 37.38, "risk_score": 37.394669, "cluster": 0, "cluster_name": "expensive", "price_baseline": 11711.823, "discount_SSP2_2035": 0.018510364, "price_future_SSP2_2035": 11495.033, "verdict_SSP2_2035": "Buy", "discount_SSP2_2045": 0.030850604, "price_future_SSP2_2045": 11350.507, "verdict_SSP2_2045": "Buy", "discount_SSP5_2035": 0.033655204, "price_future_SSP5_2035": 11317.659, "verdict_SSP5_2035": "Buy", "discount_SSP5_2045": 0.056092005, "price_future_SSP5_2045": 11054.884, "verdict_SSP5_2045": "Caution" }, "geometry": { "type": "Polygon", "coordinates": [ [ [ 2.27125, 48.8639375 ], [ 2.27125, 48.869375 ], [ 2.260625, 48.869375 ], [ 2.260625, 48.8639375 ], [ 2.27125, 48.8639375 ] ] ] } },
{ "type": "Feature", "properties": { "zone_id": "750110", "price_m2": 12144.0, "heat_score": 63.6, "flood_score": 23.8, "elevation": 54.4, "dist_seine": 1.9, "n_sales": 26, "risk": 39.72, "risk_score": 39.735065, "cluster": 0, "cluster_name": "expensive", "price_baseline": 12133.95, "discount_SSP2_2035": 0.01966886, "price_future_SSP2_2035": 11895.289, "verdict_SSP2_2035": "Buy", "discount_SSP2_2045": 0.032781433, "price_future_SSP2_2045": 11736.182, "verdict_SSP2_2045": "Buy", "discount_SSP5_2035": 0.035761565, "price_future_SSP5_2035": 11700.021, "verdict_SSP5_2035": "Buy", "discount_SSP5_2045": 0.059602603, "price_future_SSP5_2045": 11410.735, "verdict_SSP5_2045": "Caution" }, "geometry": { "type": "Polygon", "coordinates": [ [ [ 2.27125, 48.869375 ], [ 2.27125, 48.8748125 ], [ 2.260625, 48.8748125 ], [ 2.260625, 48.869375 ], [ 2.27125, 48.869375 ] ] ] } },
{ "type": "Feature", "properties": { "zone_id": "750111", "price_m2": 12524.0, "heat_score": 42.8, "flood_score": 2.2, "elevation": 54.0, "dist_seine": 2.5, "n_sales": 277, "risk": 18.44, "risk_score": 18.43685, "cluster": 0, "cluster_name": "expensive", "price_baseline": 12538.374, "discount_SSP2_2035": 0.0091262413, "price_future_SSP2_2035": 12423.945, "verdict_SSP2_2035": "Buy", "discount_SSP2_2045": 0.015210402, "price_future_SSP2_2045": 12347.66, "verdict_SSP2_2045": "Buy", "discount_SSP5_2035": 0.016593166, "price_future_SSP5_2035": 12330.323, "verdict_SSP5_2035": "Buy", "discount_SSP5_2045": 0.027655276, "price_future_SSP5_2045": 12191.621, "verdict_SSP5_2045": "Buy" }, "geometry": { "type": "Polygon", "coordinates": [ [ [ 2.27125, 48.8748125 ], [ 2.27125, 48.88025 ], [ 2.260625, 48.88025 ], [ 2.260625, 48.8748125 ], [ 2.27125, 48.8748125 ] ] ] } },
{ "type": "Feature", "properties": { "zone_id": "750112", "price_m2": 12240.0, "heat_score": 63.3, "flood_score": 0.9, "elevation": 58.9, "dist_seine": 3.1, "n_sales": 213, "risk": 25.86, "risk_score": 25.860361, "cluster": 2, "cluster_name": "heat-exposed, affordable", "price_baseline": 12303.402, "discount_SSP2_2035": 0.01280088, "price_future_SSP2_2035": 12145.908, "verdict_SSP2_2035": "Buy", "discount_SSP2_2045": 0.021334799, "price_future_SSP2_2045": 12040.911, "verdict_SSP2_2045": "Buy", "discount_SSP5_2035": 0.023274327, "price_future_SSP5_2035": 12017.049, "verdict_SSP5_2035": "Buy", "discount_SSP5_2045": 0.038790543, "price_future_SSP5_2045": 11826.146, "verdict_SSP5_2045": "Buy" }, "geometry": { "type": "Polygon", "coordinates": [ [ [ 2.27125, 48.88025 ], [ 2.27125, 48.8856875 ], [ 2.260625, 48.8856875 ], [ 2.260625, 48.88025 ], [ 2.27125, 48.88025 ] ] ] } },
{ "type": "Feature", "properties": { "zone_id": "750113", "price_m2": 9999.0, "heat_score": 58.8, "flood_score": 11.2, "elevation": 65.2, "dist_seine": 3.71, "n_sales": 271, "risk": 30.24, "risk_score": 30.24214, "cluster": 1, "cluster_name": "affordable", "price_baseline": 9884.7334, "discount_SSP2_2035": 0.01496986, "price_future_SSP2_2035": 9736.7598, "verdict_SSP2_2035": "Buy", "discount_SSP2_2045": 0.024949767, "price_future_SSP2_2045": 9638.1113, "verdict_SSP2_2045": "Buy", "discount_SSP5_2035": 0.027217926, "price_future_SSP5_2035": 9615.6914, "verdict_SSP5_2035": "Buy", "discount_SSP5_2045": 0.04536321, "price_future_SSP5_2045": 9436.3301, "verdict_SSP5_2045": "Caution" }, "geometry": { "type": "Polygon", "coordinates": [ [ [ 2.27125, 48.8856875 ], [ 2.27125, 48.891125 ], [ 2.260625, 48.891125 ], [ 2.260625, 48.8856875 ], [ 2.27125, 48.8856875 ] ] ] } },
{ "type": "Feature", "properties": { "zone_id": "750114", "price_m2": 9295.0, "heat_score": 71.2, "flood_score": 3.2, "elevation": 68.6, "dist_seine": 4.31, "n_sales": 261, "risk": 30.4, "risk_score": 30.394924, "cluster": 2, "cluster_name": "heat-exposed, affordable", "price_baseline": 9317.6982, "discount_SSP2_2035": 0.015045489, "price_future_SSP2_2035": 9177.5088, "verdict_SSP2_2035": "Buy", "discount_SSP2_2045": 0.025075814, "price_future_SSP2_2045": 9084.0498, "verdict_SSP2_2045": "Buy", "discount_SSP5_2035": 0.027355433, "price_future_SSP5_2035": 9062.8086, "verdict_SSP5_2035": "Buy", "discount_SSP5_2045": 0.045592386, "price_future_SSP5_2045": 8892.8818, "verdict_SSP5_2045": "Caution" }, "geometry": { "type": "Polygon", "coordinates": [ [ [ 2.27125, 48.891125 ], [ 2.27125, 48.8965625 ], [ 2.260625, 48.8965625 ], [ 2.260625, 48.891125 ], [ 2.27125, 48.891125 ] ] ] } },
{ "type": "Feature", "properties": { "zone_id": "750115", "price_m2": 9294.0, "heat_score": 30.4, "flood_score": 3.2, "elevation": 73.8, "dist_seine": 4.92, "n_sales": 318, "risk": 14.08, "risk_score": 14.073606, "cluster": 1, "cluster_name": "affordable", "price_baseline": 9301.998, "discount_SSP2_2035": 0.0069664358, "price_future_SSP2_2035": 9237.1963, "verdict_SSP2_2035": "Buy", "discount_SSP2_2045": 0.011610726, "price_future_SSP2_2045": 9193.9951, "verdict_SSP2_2045": "Buy", "discount_SSP5_2035": 0.012666247, "price_future_SSP5_2035": 9184.1768, "verdict_SSP5_2035": "Buy", "discount_SSP5_2045": 0.02111041, "price_future_SSP5_2045": 9105.6289, "verdict_SSP5_2045": "Buy" }, "geometry": { "type": "Polygon", "coordinates": [ [ [ 2.27125, 48.8965625 ], [ 2.27125, 48.902 ], [ 2.260625, 48.902 ], [ 2.260625, 48.8965625 ], [ 2.27125, 48.8965625 ] ] ] } },
{ "type": "Feature", "properties": { "zone_id": "750200", "price_m2": 8883.0, "heat_score": 51.4, "flood_score": 0.5, "elevation": 74.5, "dist_seine": 4.14, "n_sales": 397, "risk": 20.86, "risk_score": 20.863796, "cluster": 1, "cluster_name": "affordable", "price_baseline": 8912.2197, "discount_SSP2_2035": 0.010327581, "price_future_SSP2_2035": 8820.1777, "verdict_SSP2_2035": "Buy", "discount_SSP2_2045": 0.017212635, "price_future_SSP2_2045": 8758.8174, "verdict_SSP2_2045": "Buy", "discount_SSP5_2035": 0.018777419, "price_future_SSP5_2035": 8744.8711, "verdict_SSP5_2035": "Buy", "discount_SSP5_2045": 0.031295698, "price_future_SSP5_2045": 8633.3057, "verdict_SSP5_2045": "Buy" }, "geometry": { "type": "Polygon", "coordinates": [ [ [ 2.281875, 48.815 ], [ 2.281875, 48.8204375 ], [ 2.27125, 48.8204375 ], [ 2.27125, 48.815 ], [ 2.281875, 48.815 ] ] ] } },
{ "type": "Feature", "properties": { "zone_id": "750201", "price_m2": 9516.0, "heat_score": 30.0, "flood_score": 14.4, "elevation": 68.5, "dist_seine": 3.53, "n_sales": 303, "risk": 20.64, "risk_score": 20.639538, "cluster": 1, "cluster_name": "affordable", "price_baseline": 9583.4219, "discount_SSP2_2035": 0.010216571, "price_future_SSP2_2035": 9485.5117, "verdict_SSP2_2035": "Buy", "discount_SSP2_2045": 0.017027618, "price_future_SSP2_2045": 9420.2393, "verdict_SSP2_2045": "Buy", "discount_SSP5_2035": 0.018575585, "price_future_SSP5_2035": 9405.4043, "verdict_SSP5_2035": "Buy", "discount_SSP5_2045": 0.030959306, "price_future_SSP5_2045": 9286.7256, "verdict_SSP5_2045": "Buy" }, "geometry": { "type": "Polygon", "coordinates": [ [ [ 2.281875, 48.8204375 ], [ 2.281875, 48.825875 ], [ 2.27125, 48.825875 ], [ 2.27125, 48.8204375 ], [ 2.281875, 48.8204375 ] ] ] } },
{ "type": "Feature", "properties": { "zone_id": "750202", "price_m2": 10552.0, "heat_score": 40.9, "flood_score": 7.5, "elevation": 54.3, "dist_seine": 2.93, "n_sales": 289, "risk": 20.86, "risk_score": 20.866592, "cluster": 1, "cluster_name": "affordable", "price_baseline": 10648.139, "discount_SSP2_2035": 0.010328963, "price_future_SSP2_2035": 10538.154, "verdict_SSP2_2035": "Buy", "discount_SSP2_2045": 0.017214939, "price_future_SSP2_2045": 10464.831, "verdict_SSP2_2045": "Buy", "discount_SSP5_2035": 0.018779933, "price_future_SSP5_2035": 10448.167, "verdict_SSP5_2035": "Buy", "discount_SSP5_2045": 0.031299889, "price_future_SSP5_2045": 10314.854, "verdict_SSP5_2045": "Buy" }, "geometry": { "type": "Polygon", "coordinates": [ [ [ 2.281875, 48.825875 ], [ 2.281875, 48.8313125 ], [ 2.27125, 48.8313125 ], [ 2.27125, 48.825875 ], [ 2.281875, 48.825875 ] ] ] } },
{ "type": "Feature", "properties": { "zone_id": "750203", "price_m2": 11177.0, "heat_score": 75.1, "flood_score": 15.5, "elevation": 54.7, "dist_seine": 2.33, "n_sales": 41, "risk": 39.34, "risk_score": 39.327412, "cluster": 2, "cluster_name": "heat-exposed, affordable", "price_baseline": 11192.47, "discount_SSP2_2035": 0.019467071, "price_future_SSP2_2035": 10974.585, "verdict_SSP2_2035": "Buy", "discount_SSP2_2045": 0.032445118, "price_future_SSP2_2045": 10829.328, "verdict_SSP2_2045": "Buy", "discount_SSP5_2035": 0.035394676, "price_future_SSP5_2035": 10796.316, "verdict_SSP5_2035": "Buy", "discount_SSP5_2045": 0.058991123, "price_future_SSP5_2045": 10532.213, "verdict_SSP5_2045": "Caution" }, "geometry": { "type": "Polygon", "coordinates": [ [ [ 2.281875, 48.8313125 ], [ 2.281875, 48.83675 ], [ 2.27125, 48.83675 ], [ 2.27125, 48.8313125 ], [ 2.281875, 48.8313125 ] ] ] } },
{ "type": "Feature", "properties": { "zone_id": "750204", "price_m2": 11839.0, "heat_score": 69.5, "flood_score": 23.8, "elevation": 53.5, "dist_seine": 1.72, "n_sales": 127, "risk": 42.08, "risk_score": 42.070377, "cluster": 0, "cluster_name": "expensive", "price_baseline": 11851.396, "discount_SSP2_2035": 0.020824838, "price_future_SSP2_2035": 11604.592, "verdict_SSP2_2035": "Buy", "discount_SSP2_2045": 0.034708064, "price_future_SSP2_2045": 11440.057, "verdict_SSP2_2045": "Buy", "discount_SSP5_2035": 0.037863344, "price_future_SSP5_2035": 11402.662, "verdict_SSP5_2035": "Buy", "discount_SSP5_2045": 0.063105568, "price_future_SSP5_2045": 11103.506, "verdict_SSP5_2045": "Caution" }, "geometry": { "type": "Polygon", "coordinates": [ [ [ 2.281875, 48.83675 ], [ 2.281875, 48.8421875 ], [ 2.27125, 48.8421875 ], [ 2.27125, 48.83675 ], [ 2.281875, 48.83675 ] ] ] } },
{ "type": "Feature", "properties": { "zone_id": "750205", "price_m2": 12263.0, "heat_score": 45.6, "flood_score": 33.7, "elevation": 46.7, "dist_seine": 1.12, "n_sales": 38, "risk": 38.46, "risk_score": 38.476093, "cluster": 0, "cluster_name": "expensive", "price_baseline": 12263.279, "discount_SSP2_2035": 0.01904567, "price_future_SSP2_2035": 12029.717, "verdict_SSP2_2035": "Buy", "discount_SSP2_2045": 0.031742781, "price_future_SSP2_2045": 11874.009, "verdict_SSP2_2045": "Buy", "discount_SSP5_2035": 0.034628488, "price_future_SSP5_2035": 11838.62, "verdict_SSP5_2035": "Buy", "discount_SSP5_2045": 0.057714146, "price_future_SSP5_2045": 11555.515, "verdict_SSP5_2045": "Caution" }, "geometry": { "type": "Polygon", "coordinates": [ [ [ 2.281875, 48.8421875 ], [ 2.281875, 48.847625 ], [ 2.27125, 48.847625 ], [ 2.27125, 48.8421875 ], [ 2.281875, 48.8421875 ] ] ] } },
{ "type": "Feature", "properties": { "zone_id": "750206", "price_m2": 11990.0, "heat_score": 66.9, "flood_score": 59.5, "elevation": 38.8, "dist_seine": 0.52, "n_sales": 142, "risk": 62.46, "risk_score": 62.475433, "cluster": 3, "cluster_name": "flood-exposed, expensive", "price_baseline": 11978.462, "discount_SSP2_2035": 0.030925341, "price_future_SSP2_2035": 11608.024, "verdict_SSP2_2035": "Buy", "discount_SSP2_2045": 0.051542234, "price_future_SSP2_2045": 11361.065, "verdict_SSP2_2045": "Caution", "discount_SSP5_2035": 0.056227893, "price_future_SSP5_2035": 11304.938, "verdict_SSP5_2035": "Caution", "discount_SSP5_2045": 0.093713149, "price_future_SSP5_2045": 10855.922, "verdict_SSP5_2045": "Avoid" }, "geometry": { "type": "Polygon", "coordinates": [ [ [ 2.281875, 48.847625 ], [ 2.281875, 48.8530625 ], [ 2.27125, 48.8530625 ], [ 2.27125, 48.847625 ], [ 2.281875, 48.847625 ] ] ] } },
{ "type": "Feature", "properties": { "zone_id": "750207", "price_m2": 10998.0, "heat_score": 88.4, "flood_score": 100.0, "elevation": 34.6, "dist_seine": 0.09, "n_sales": 215, "risk": 95.36, "risk_score": 95.364288, "cluster": 3, "cluster_name": "flood-exposed, expensive", "price_baseline": 11026.208, "discount_SSP2_2035": 0.047205329, "price_future_SSP2_2035": 10505.712, "verdict_SSP2_2035": "Caution", "discount_SSP2_2045": 0.078675546, "price_future_SSP2_2045": 10158.715, "verdict_SSP2_2045": "Caution", "discount_SSP5_2035": 0.085827865, "price_future_SSP5_2035": 10079.852, "verdict_SSP5_2035": "Avoid", "discount_SSP5_2045": 0.14304644, "price_future_SSP5_2045": 9448.9482, "verdict_SSP5_2045": "Avoid" }, "geometry": { "type": "Polygon", "coordinates": [ [ [ 2.281875, 48.8530625 ], [ 2.281875, 48.8585 ], [ 2.27125, 48.8585 ], [ 2.27125, 48.8530625 ], [ 2.281875, 48.8530625 ] ] ] } },
{ "type": "Feature", "properties": { "zone_id": "750208", "price_m2": 11994.0, "heat_score": 42.6, "flood_score": 57.9, "elevation": 40.3, "dist_seine": 0.69, "n_sales": 109, "risk": 51.78, "risk_score": 51.793728, "cluster": 3, "cluster_name": "flood-exposed, expensive", "price_baseline": 12072.347, "discount_SSP2_2035": 0.0256379, "price_future_SSP2_2035": 11762.837, "verdict_SSP2_2035": "Buy", "discount_SSP2_2045": 0.042729832, "price_future_SSP2_2045": 11556.497, "verdict_SSP2_2045": "Caution", "discount_SSP5_2035": 0.046614364, "price_future_SSP5_2035": 11509.603, "verdict_SSP5_2035": "Caution", "discount_SSP5_2045": 0.077690601, "price_future_SSP5_2045": 11134.438, "verdict_SSP5_2045": "Caution" }, "geometry": { "type": "Polygon", "coordinates": [ [ [ 2.281875, 48.8585 ], [ 2.281875, 48.8639375 ], [ 2.27125, 48.8639375 ], [ 2.27125, 48.8585 ], [ 2.281875, 48.8585 ] ] ] } },
{ "type": "Feature", "properties": { "zone_id": "750209", "price_m2": 13174.0, "heat_score": 61.7, "flood_score": 40.5, "elevation": 50.6, "dist_seine": 1.29, "n_sales": 132, "risk": 48.98, "risk_score": 48.961761, "cluster": 0, "cluster_name": "expensive", "price_baseline": 13163.187, "discount_SSP2_2035": 0.024236076, "price_future_SSP2_2035": 12844.162, "verdict_SSP2_2035": "Buy", "discount_SSP2_2045": 0.040393457, "price_future_SSP2_2045": 12631.479, "verdict_SSP2_2045": "Caution", "discount_SSP5_2035": 0.044065587, "price_future_SSP5_2035": 12583.143, "verdict_SSP5_2035": "Caution", "discount_SSP5_2045": 0.073442645, "price_future_SSP5_2045": 12196.447, "verdict_SSP5_2045": "Caution" }, "geometry": { "type": "Polygon", "coordinates": [ [ [ 2.281875, 48.8639375 ], [ 2.281875, 48.869375 ], [ 2.27125, 48.869375 ], [ 2.27125, 48.8639375 ], [ 2.281875, 48.8639375 ] ] ] } },
{ "type": "Feature", "properties": { "zone_id": "750210", "price_m2": 13121.0, "heat_score": 55.5, "flood_score": 24.7, "elevation": 46.6, "dist_seine": 1.9, "n_sales": 211, "risk": 37.02, "risk_score": 37.001022, "cluster": 0, "cluster_name": "expensive", "price_baseline": 13152.268, "discount_SSP2_2035": 0.018315507, "price_future_SSP2_2035": 12911.377, "verdict_SSP2_2035": "Buy", "discount_SSP2_2045": 0.030525845, "price_future_SSP2_2045": 12750.783, "verdict_SSP2_2045": "Buy", "discount_SSP5_2035": 0.033300921, "price_future_SSP5_2035": 12714.285, "verdict_SSP5_2035": "Buy", "discount_SSP5_2045": 0.055501536, "price_future_SSP5_2045": 12422.297, "verdict_SSP5_2045": "Caution" }, "geometry": { "type": "Polygon", "coordinates": [ [ [ 2.281875, 48.869375 ], [ 2.281875, 48.8748125 ], [ 2.27125, 48.8748125 ], [ 2.27125, 48.869375 ], [ 2.281875, 48.869375 ] ] ] } },
{ "type": "Feature", "properties": { "zone_id": "750211", "price_m2": 11994.0, "heat_score": 59.5, "flood_score": 12.8, "elevation": 50.3, "dist_seine": 2.5, "n_sales": 347, "risk": 31.48, "risk_score": 31.464003, "cluster": 0, "cluster_name": "expensive", "price_baseline": 11980.127, "discount_SSP2_2035": 0.015574682, "price_future_SSP2_2035": 11793.54, "verdict_SSP2_2035": "Buy", "discount_SSP2_2045": 0.025957802, "price_future_SSP2_2045": 11669.149, "verdict_SSP2_2045": "Buy", "discount_SSP5_2035": 0.028317604, "price_future_SSP5_2035": 11640.878, "verdict_SSP5_2035": "Buy", "discount_SSP5_2045": 0.047196005, "price_future_SSP5_2045": 11414.713, "verdict_SSP5_2045": "Caution" }, "geometry": { "type": "Polygon", "coordinates": [ [ [ 2.281875, 48.8748125 ], [ 2.281875, 48.88025 ], [ 2.27125, 48.88025 ], [ 2.27125, 48.8748125 ], [ 2.281875, 48.8748125 ] ] ] } },
{ "type": "Feature", "properties": { "zone_id": "750212", "price_m2": 11721.0, "heat_score": 72.3, "flood_score": 1.7, "elevation": 56.8, "dist_seine": 3.1, "n_sales": 294, "risk": 29.94, "risk_score": 29.104733, "cluster": 2, "cluster_name": "heat-exposed, affordable", "price_baseline": 11615.293, "discount_SSP2_2035": 0.014406845, "price_future_SSP2_2035": 11447.953, "verdict_SSP2_2035": "Buy", "discount_SSP2_2045": 0.024011407, "price_future_SSP2_2045": 11336.394, "verdict_SSP2_2045": "Buy", "discount_SSP5_2035": 0.026194261, "price_future_SSP5_2035": 11311.039, "verdict_SSP5_2035": "Buy", "discount_SSP5_2045": 0.043657102, "price_future_SSP5_2045": 11108.203, "verdict_SSP5_2045": "Caution" }, "geometry": { "type": "Polygon", "coordinates": [ [ [ 2.281875, 48.88025 ], [ 2.281875, 48.8856875 ], [ 2.27125, 48.8856875 ], [ 2.27125, 48.88025 ], [ 2.281875, 48.88025 ] ] ] } },
{ "type": "Feature", "properties": { "zone_id": "750213", "price_m2": 11394.0, "heat_score": 60.2, "flood_score": 1.2, "elevation": 65.6, "dist_seine": 3.71, "n_sales": 244, "risk": 24.8, "risk_score": 24.925859, "cluster": 2, "cluster_name": "heat-exposed, affordable", "price_baseline": 11406.55, "discount_SSP2_2035": 0.012338302, "price_future_SSP2_2035": 11265.812, "verdict_SSP2_2035": "Buy", "discount_SSP2_2045": 0.020563835, "price_future_SSP2_2045": 11171.987, "verdict_SSP2_2045": "Buy", "discount_SSP5_2035": 0.022433275, "price_future_SSP5_2035": 11150.663, "verdict_SSP5_2035": "Buy", "discount_SSP5_2045": 0.03738879, "price_future_SSP5_2045": 10980.072, "verdict_SSP5_2045": "Buy" }, "geometry": { "type": "Polygon", "coordinates": [ [ [ 2.281875, 48.8856875 ], [ 2.281875, 48.891125 ], [ 2.27125, 48.891125 ], [ 2.27125, 48.8856875 ], [ 2.281875, 48.8856875 ] ] ] } },
{ "type": "Feature", "properties": { "zone_id": "750214", "price_m2": 12295.0, "heat_score": 30.0, "flood_score": 4.8, "elevation": 64.7, "dist_seine": 4.31, "n_sales": 205, "risk": 14.88, "risk_score": 14.885866, "cluster": 1, "cluster_name": "affordable", "price_baseline": 12291.394, "discount_SSP2_2035": 0.007368505, "price_future_SSP2_2035": 12200.824, "verdict_SSP2_2035": "Buy", "discount_SSP2_2045": 0.012280841, "price_future_SSP2_2045": 12140.445, "verdict_SSP2_2045": "Buy", "discount_SSP5_2035": 0.013397281, "price_future_SSP5_2035": 12126.723, "verdict_SSP5_2035": "Buy", "discount_SSP5_2045": 0.022328801, "price_future_SSP5_2045": 12016.941, "verdict_SSP5_2045": "Buy" }, "geometry": { "type": "Polygon", "coordinates": [ [ [ 2.281875, 48.891125 ], [ 2.281875, 48.8965625 ], [ 2.27125, 48.8965625 ], [ 2.27125, 48.891125 ], [ 2.281875, 48.891125 ] ] ] } },
{ "type": "Feature", "properties": { "zone_id": "750215", "price_m2": 10847.0, "heat_score": 75.6, "flood_score": 5.9, "elevation": 75.0, "dist_seine": 4.92, "n_sales": 269, "risk": 33.78, "risk_score": 33.772659, "cluster": 2, "cluster_name": "heat-exposed, affordable", "price_baseline": 10820.004, "discount_SSP2_2035": 0.016717467, "price_future_SSP2_2035": 10639.12, "verdict_SSP2_2035": "Buy", "discount_SSP2_2045": 0.027862445, "price_future_SSP2_2045": 10518.532, "verdict_SSP2_2045": "Buy", "discount_SSP5_2035": 0.030395394, "price_future_SSP5_2035": 10491.126, "verdict_SSP5_2035": "Buy", "discount_SSP5_2045": 0.05065899, "price_future_SSP5_2045": 10271.873, "verdict_SSP5_2045": "Caution" }, "geometry": { "type": "Polygon", "coordinates": [ [ [ 2.281875, 48.8965625 ], [ 2.281875, 48.902 ], [ 2.27125, 48.902 ], [ 2.27125, 48.8965625 ], [ 2.281875, 48.8965625 ] ] ] } },
{ "type": "Feature", "properties": { "zone_id": "750300", "price_m2": 10283.0, "heat_score": 65.0, "flood_score": 0.0, "elevation": 64.9, "dist_seine": 4.14, "n_sales": 68, "risk": 26.0, "risk_score": 26.01333, "cluster": 2, "cluster_name": "heat-exposed, affordable", "price_baseline": 10322.206, "discount_SSP2_2035": 0.012876599, "price_future_SSP2_2035": 10189.291, "verdict_SSP2_2035": "Buy", "discount_SSP2_2045": 0.021460997, "price_future_SSP2_2045": 10100.681, "verdict_SSP2_2045": "Buy", "discount_SSP5_2035": 0.023411997, "price_future_SSP5_2035": 10080.543, "verdict_SSP5_2035": "Buy", "discount_SSP5_2045": 0.039019994, "price_future_SSP5_2045": 9919.4336, "verdict_SSP5_2045": "Buy" }, "geometry": { "type": "Polygon", "coordinates": [ [ [ 2.2925, 48.815 ], [ 2.2925, 48.8204375 ], [ 2.281875, 48.8204375 ], [ 2.281875, 48.815 ], [ 2.2925, 48.815 ] ] ] } },
{ "type": "Feature", "properties": { "zone_id": "750301", "price_m2": 11529.0, "heat_score": 77.2, "flood_score": 1.5, "elevation": 67.3, "dist_seine": 3.53, "n_sales": 297, "risk": 31.78, "risk_score": 31.786093, "cluster": 2, "cluster_name": "heat-exposed, affordable", "price_baseline": 11524.847, "discount_SSP2_2035": 0.015734117, "price_future_SSP2_2035": 11343.513, "verdict_SSP2_2035": "Buy", "discount_SSP2_2045": 0.026223529, "price_future_SSP2_2045": 11222.624, "verdict_SSP2_2045": "Buy", "discount_SSP5_2035": 0.028607486, "price_future_SSP5_2035": 11195.149, "verdict_SSP5_2035": "Buy", "discount_SSP5_2045": 0.047679141, "price_future_SSP5_2045": 10975.353, "verdict_SSP5_2045": "Caution" }, "geometry": { "type": "Polygon", "coordinates": [ [ [ 2.2925, 48.8204375 ], [ 2.2925, 48.825875 ], [ 2.281875, 48.825875 ], [ 2.281875, 48.8204375 ], [ 2.2925, 48.8204375 ] ] ] } },
{ "type": "Feature", "properties": { "zone_id": "750302", "price_m2": 10709.0, "heat_score": 46.9, "flood_score": 12.9, "elevation": 63.3, "dist_seine": 2.93, "n_sales": 226, "risk": 26.5, "risk_score": 26.507036, "cluster": 1, "cluster_name": "affordable", "price_baseline": 10673.409, "discount_SSP2_2035": 0.013120983, "price_future_SSP2_2035": 10533.363, "verdict_SSP2_2035": "Buy", "discount_SSP2_2045": 0.021868303, "price_future_SSP2_2045": 10440.0, "verdict_SSP2_2045": "Buy", "discount_SSP5_2035": 0.023856333, "price_future_SSP5_2035": 10418.78, "verdict_SSP5_2035": "Buy", "discount_SSP5_2045": 0.039760552, "price_future_SSP5_2045": 10249.028, "verdict_SSP5_2045": "Buy" }, "geometry": { "type": "Polygon", "coordinates": [ [ [ 2.2925, 48.825875 ], [ 2.2925, 48.8313125 ], [ 2.281875, 48.8313125 ], [ 2.281875, 48.825875 ], [ 2.2925, 48.825875 ] ] ] } },
{ "type": "Feature", "properties": { "zone_id": "750303", "price_m2": 11955.0, "heat_score": 70.4, "flood_score": 20.9, "elevation": 54.9, "dist_seine": 2.33, "n_sales": 24, "risk": 40.7, "risk_score": 40.708481, "cluster": 0, "cluster_name": "expensive", "price_baseline": 11904.54, "discount_SSP2_2035": 0.020150702, "price_future_SSP2_2035": 11664.655, "verdict_SSP2_2035": "Buy", "discount_SSP2_2045": 0.033584502, "price_future_SSP2_2045": 11504.732, "verdict_SSP2_2045": "Buy", "discount_SSP5_2035": 0.036637638, "price_future_SSP5_2035": 11468.386, "verdict_SSP5_2035": "Buy", "discount_SSP5_2045": 0.061062727, "price_future_SSP5_2045": 11177.616, "verdict_SSP5_2045": "Caution" }, "geometry": { "type": "Polygon", "coordinates": [ [ [ 2.2925, 48.8313125 ], [ 2.2925, 48.83675 ], [ 2.281875, 48.83675 ], [ 2.281875, 48.8313125 ], [ 2.2925, 48.8313125 ] ] ] } },
{ "type": "Feature", "properties": { "zone_id": "750304", "price_m2": 12530.0, "heat_score": 62.7, "flood_score": 25.2, "elevation": 49.2, "dist_seine": 1.72, "n_sales": 278, "risk": 40.2, "risk_score": 40.203911, "cluster": 0, "cluster_name": "expensive", "price_baseline": 12486.381, "discount_SSP2_2035": 0.019900937, "price_future_SSP2_2035": 12237.891, "verdict_SSP2_2035": "Buy", "discount_SSP2_2045": 0.033168226, "price_future_SSP2_2045": 12072.23, "verdict_SSP2_2045": "Buy", "discount_SSP5_2035": 0.036183521, "price_future_SSP5_2035": 12034.579, "verdict_SSP5_2035": "Buy", "discount_SSP5_2045": 0.060305867, "price_future_SSP5_2045": 11733.379, "verdict_SSP5_2045": "Caution" }, "geometry": { "type": "Polygon", "coordinates": [ [ [ 2.2925, 48.83675 ], [ 2.2925, 48.8421875 ], [ 2.281875, 48.8421875 ], [ 2.281875, 48.83675 ], [ 2.2925, 48.83675 ] ] ] } },
{ "type": "Feature", "properties": { "zone_id": "750305", "price_m2": 12677.0, "heat_score": 71.6, "flood_score": 42.0, "elevation": 42.8, "dist_seine": 1.12, "n_sales": 360, "risk": 53.84, "risk_score": 53.826496, "cluster": 0, "cluster_name": "expensive", "price_baseline": 12751.127, "discount_SSP2_2035": 0.02664412, "price_future_SSP2_2035": 12411.385, "verdict_SSP2_2035": "Buy", "discount_SSP2_2045": 0.044406865, "price_future_SSP2_2045": 12184.889, "verdict_SSP2_2045": "Caution", "discount_SSP5_2035": 0.048443854, "price_future_SSP5_2035": 12133.413, "verdict_SSP5_2035": "Caution", "discount_SSP5_2045": 0.080739751, "price_future_SSP5_2045": 11721.604, "verdict_SSP5_2045": "Avoid" }, "geometry": { "type": "Polygon", "coordinates": [ [ [ 2.2925, 48.8421875 ], [ 2.2925, 48.847625 ], [ 2.281875, 48.847625 ], [ 2.281875, 48.8421875 ], [ 2.2925, 48.8421875 ] ] ] } },
{ "type": "Feature", "properties": { "zone_id": "750306", "price_m2": 10471.0, "heat_score": 30.2, "flood_score": 63.7, "elevation": 34.7, "dist_seine": 0.52, "n_sales": 113, "risk": 50.3, "risk_score": 50.296276, "cluster": 3, "cluster_name": "flood-exposed, expensive", "price_baseline": 10507.735, "discount_SSP2_2035": 0.024896659, "price_future_SSP2_2035": 10246.128, "verdict_SSP2_2035": "Buy", "discount_SSP2_2045": 0.041494429, "price_future_SSP2_2045": 10071.723, "verdict_SSP2_2045": "Caution", "discount_SSP5_2035": 0.045266651, "price_future_SSP5_2035": 10032.086, "verdict_SSP5_2035": "Caution", "discount_SSP5_2045": 0.075444415, "price_future_SSP5_2045": 9714.9854, "verdict_SSP5_2045": "Caution" }, "geometry": { "type": "Polygon", "coordinates": [ [ [ 2.2925, 48.847625 ], [ 2.2925, 48.8530625 ], [ 2.281875, 48.8530625 ], [ 2.281875, 48.847625 ], [ 2.2925, 48.847625 ] ] ] } },
{ "type": "Feature", "properties": { "zone_id": "750307", "price_m2": 14152.0, "heat_score": 72.3, "flood_score": 96.8, "elevation": 35.5, "dist_seine": 0.09, "n_sales": 41, "risk": 87.0, "risk_score": 80.468697, "cluster": 3, "cluster_name": "flood-exposed, expensive", "price_baseline": 14084.729, "discount_SSP2_2035": 0.039832007, "price_future_SSP2_2035": 13523.706, "verdict_SSP2_2035": "Buy", "discount_SSP2_2045": 0.066386677, "price_future_SSP2_2045": 13149.689, "verdict_SSP2_2045": "Caution", "discount_SSP5_2035": 0.072421834, "price_future_SSP5_2035": 13064.687, "verdict_SSP5_2035": "Caution", "discount_SSP5_2045": 0.12070305, "price_future_SSP5_2045": 12384.659, "verdict_SSP5_2045": "Avoid" }, "geometry": { "type": "Polygon", "coordinates": [ [ [ 2.2925, 48.8530625 ], [ 2.2925, 48.8585 ], [ 2.281875, 48.8585 ], [ 2.281875, 48.8530625 ], [ 2.2925, 48.8530625 ] ] ] } },
{ "type": "Feature", "properties": { "zone_id": "750308", "price_m2": 14019.0, "heat_score": 55.1, "flood_score": 56.7, "elevation": 39.4, "dist_seine": 0.69, "n_sales": 218, "risk": 56.06, "risk_score": 56.056076, "cluster": 3, "cluster_name": "flood-exposed, expensive", "price_baseline": 13969.722, "discount_SSP2_2035": 0.02774776, "price_future_SSP2_2035": 13582.094, "verdict_SSP2_2035": "Buy", "discount_SSP2_2045": 0.046246264, "price_future_SSP2_2045": 13323.674, "verdict_SSP2_2045": "Caution", "discount_SSP5_2035": 0.05045047, "price_future_SSP5_2035": 13264.943, "verdict_SSP5_2035": "Caution", "discount_SSP5_2045": 0.084084116, "price_future_SSP5_2045": 12795.09, "verdict_SSP5_2045": "Avoid" }, "geometry": { "type": "Polygon", "coordinates": [ [ [ 2.2925, 48.8585 ], [ 2.2925, 48.8639375 ], [ 2.281875, 48.8639375 ], [ 2.281875, 48.8585 ], [ 2.2925, 48.8585 ] ] ] } },
{ "type": "Feature", "properties": { "zone_id": "750309", "price_m2": 13969.0, "heat_score": 57.6, "flood_score": 27.1, "elevation": 39.9, "dist_seine": 1.29, "n_sales": 392, "risk": 39.3, "risk_score": 39.303036, "cluster": 0, "cluster_name": "expensive", "price_baseline": 13969.45, "discount_SSP2_2035": 0.019455004, "price_future_SSP2_2035": 13697.675, "verdict_SSP2_2035": "Buy", "discount_SSP2_2045": 0.032425005, "price_future_SSP2_2045": 13516.491, "verdict_SSP2_2045": "Buy", "discount_SSP5_2035": 0.035372734, "price_future_SSP5_2035": 13475.312, "verdict_SSP5_2035": "Buy", "discount_SSP5_2045": 0.058954556, "price_future_SSP5_2045": 13145.888, "verdict_SSP5_2045": "Caution" }, "geometry": { "type": "Polygon", "coordinates": [ [ [ 2.2925, 48.8639375 ], [ 2.2925, 48.869375 ], [ 2.281875, 48.869375 ], [ 2.281875, 48.8639375 ], [ 2.2925, 48.8639375 ] ] ] } },
{ "type": "Feature", "properties": { "zone_id": "750310", "price_m2": 13067.0, "heat_score": 60.5, "flood_score": 17.5, "elevation": 49.6, "dist_seine": 1.9, "n_sales": 189, "risk": 34.7, "risk_score": 34.717148, "cluster": 0, "cluster_name": "expensive", "price_baseline": 13115.623, "discount_SSP2_2035": 0.01718499, "price_future_SSP2_2035": 12890.231, "verdict_SSP2_2035": "Buy", "discount_SSP2_2045": 0.028641649, "price_future_SSP2_2045": 12739.97, "verdict_SSP2_2045": "Buy", "discount_SSP5_2035": 0.031245437, "price_future_SSP5_2035": 12705.82, "verdict_SSP5_2035": "Buy", "discount_SSP5_2045": 0.052075725, "price_future_SSP5_2045": 12432.617, "verdict_SSP5_2045": "Caution" }, "geometry": { "type": "Polygon", "coordinates": [ [ [ 2.2925, 48.869375 ], [ 2.2925, 48.8748125 ], [ 2.281875, 48.8748125 ], [ 2.281875, 48.869375 ], [ 2.2925, 48.869375 ] ] ] } },
{ "type": "Feature", "properties": { "zone_id": "750311", "price_m2": 12753.0, "heat_score": 72.9, "flood_score": 19.0, "elevation": 58.4, "dist_seine": 2.5, "n_sales": 75, "risk": 40.56, "risk_score": 40.571083, "cluster": 2, "cluster_name": "heat-exposed, affordable", "price_baseline": 12762.497, "discount_SSP2_2035": 0.020082688, "price_future_SSP2_2035": 12506.191, "verdict_SSP2_2035": "Buy", "discount_SSP2_2045": 0.033471145, "price_future_SSP2_2045": 12335.321, "verdict_SSP2_2045": "Buy", "discount_SSP5_2035": 0.036513977, "price_future_SSP5_2035": 12296.487, "verdict_SSP5_2035": "Buy", "discount_SSP5_2045": 0.060856625, "price_future_SSP5_2045": 11985.814, "verdict_SSP5_2045": "Caution" }, "geometry": { "type": "Polygon", "coordinates": [ [ [ 2.2925, 48.8748125 ], [ 2.2925, 48.88025 ], [ 2.281875, 48.88025 ], [ 2.281875, 48.8748125 ], [ 2.2925, 48.8748125 ] ] ] } },
{ "type": "Feature", "properties": { "zone_id": "750312", "price_m2": 13014.0, "heat_score": 71.1, "flood_score": 6.9, "elevation": 60.3, "dist_seine": 3.1, "n_sales": 253, "risk": 32.58, "risk_score": 32.576969, "cluster": 2, "cluster_name": "heat-exposed, affordable", "price_baseline": 12926.664, "discount_SSP2_2035": 0.016125601, "price_future_SSP2_2035": 12718.214, "verdict_SSP2_2035": "Buy", "discount_SSP2_2045": 0.026876001, "price_future_SSP2_2045": 12579.247, "verdict_SSP2_2045": "Buy", "discount_SSP5_2035": 0.029319275, "price_future_SSP5_2035": 12547.663, "verdict_SSP5_2035": "Buy", "discount_SSP5_2045": 0.048865456, "price_future_SSP5_2045": 12294.997, "verdict_SSP5_2045": "Caution" }, "geometry": { "type": "Polygon", "coordinates": [ [ [ 2.2925, 48.88025 ], [ 2.2925, 48.8856875 ], [ 2.281875, 48.8856875 ], [ 2.281875, 48.88025 ], [ 2.2925, 48.88025 ] ] ] } },
{ "type": "Feature", "properties": { "zone_id": "750313", "price_m2": 10678.0, "heat_score": 48.4, "flood_score": 6.2, "elevation": 58.4, "dist_seine": 3.71, "n_sales": 182, "risk": 23.08, "risk_score": 23.077698, "cluster": 1, "cluster_name": "affordable", "price_baseline": 10687.939, "discount_SSP2_2035": 0.011423461, "price_future_SSP2_2035": 10565.846, "verdict_SSP2_2035": "Buy", "discount_SSP2_2045": 0.019039102, "price_future_SSP2_2045": 10484.451, "verdict_SSP2_2045": "Buy", "discount_SSP5_2035": 0.02076993, "price_future_SSP5_2035": 10465.951, "verdict_SSP5_2035": "Buy", "discount_SSP5_2045": 0.034616549, "price_future_SSP5_2045": 10317.96, "verdict_SSP5_2045": "Buy" }, "geometry": { "type": "Polygon", "coordinates": [ [ [ 2.2925, 48.8856875 ], [ 2.2925, 48.891125 ], [ 2.281875, 48.891125 ], [ 2.281875, 48.8856875 ], [ 2.2925, 48.8856875 ] ] ] } },
{ "type": "Feature", "properties": { "zone_id": "750314", "price_m2": 10954.0, "heat_score": 72.5, "flood_score": 0.5, "elevation": 70.5, "dist_seine": 4.31, "n_sales": 227, "risk": 29.3, "risk_score": 29.295982, "cluster": 2, "cluster_name": "heat-exposed, affordable", "price_baseline": 10942.345, "discount_SSP2_2035": 0.014501511, "price_future_SSP2_2035": 10783.664, "verdict_SSP2_2035": "Buy", "discount_SSP2_2045": 0.024169184, "price_future_SSP2_2045": 10677.877, "verdict_SSP2_2045": "Buy", "discount_SSP5_2035": 0.026366385, "price_future_SSP5_2035": 10653.834, "verdict_SSP5_2035": "Buy", "discount_SSP5_2045": 0.043943971, "price_future_SSP5_2045": 10461.494, "verdict_SSP5_2045": "Caution" }, "geometry": { "type": "Polygon", "coordinates": [ [ [ 2.2925, 48.891125 ], [ 2.2925, 48.8965625 ], [ 2.281875, 48.8965625 ], [ 2.281875, 48.891125 ], [ 2.2925, 48.891125 ] ] ] } },
{ "type": "Feature", "properties": { "zone_id": "750315", "price_m2": 13296.0, "heat_score": 60.1, "flood_score": 2.6, "elevation": 74.3, "dist_seine": 4.92, "n_sales": 266, "risk": 25.6, "risk_score": 24.413313, "cluster": 2, "cluster_name": "heat-exposed, affordable", "price_baseline": 13282.428, "discount_SSP2_2035": 0.012084591, "price_future_SSP2_2035": 13121.915, "verdict_SSP2_2035": "Buy", "discount_SSP2_2045": 0.020140985, "price_future_SSP2_2045": 13014.906, "verdict_SSP2_2045": "Buy", "discount_SSP5_2035": 0.021971984, "price_future_SSP5_2035": 12990.586, "verdict_SSP5_2035": "Buy", "discount_SSP5_2045": 0.036619972, "price_future_SSP5_2045": 12796.025, "verdict_SSP5_2045": "Buy" }, "geometry": { "type": "Polygon", "coordinates": [ [ [ 2.2925, 48.8965625 ], [ 2.2925, 48.902 ], [ 2.281875, 48.902 ], [ 2.281875, 48.8965625 ], [ 2.2925, 48.8965625 ] ] ] } },
{ "type": "Feature", "properties": { "zone_id": "750400", "price_m2": 10048.0, "heat_score": 43.3, "flood_score": 4.3, "elevation": 67.6, "dist_seine": 4.14, "n_sales": 113, "risk": 19.9, "risk_score": 20.300512, "cluster": 1, "cluster_name": "affordable", "price_baseline": 10093.234, "discount_SSP2_2035": 0.010048755, "price_future_SSP2_2035": 9991.8096, "verdict_SSP2_2035": "Buy", "discount_SSP2_2045": 0.016747924, "price_future_SSP2_2045": 9924.1934, "verdict_SSP2_2045": "Buy", "discount_SSP5_2035": 0.018270463, "price_future_SSP5_2035": 9908.8262, "verdict_SSP5_2035": "Buy", "discount_SSP5_2045": 0.030450769, "price_future_SSP5_2045": 9785.8877, "verdict_SSP5_2045": "Buy" }, "geometry": { "type": "Polygon", "coordinates": [ [ [ 2.303125, 48.815 ], [ 2.303125, 48.8204375 ], [ 2.2925, 48.8204375 ], [ 2.2925, 48.815 ], [ 2.303125, 48.815 ] ] ] } },
{ "type": "Feature", "properties": { "zone_id": "750401", "price_m2": 10835.0, "heat_score": 52.2, "flood_score": 1.0, "elevation": 64.6, "dist_seine": 3.53, "n_sales": 139, "risk": 21.48, "risk_score": 21.480623, "cluster": 1, "cluster_name": "affordable", "price_baseline": 10921.243, "discount_SSP2_2035": 0.01063291, "price_future_SSP2_2035": 10805.118, "verdict_SSP2_2035": "Buy", "discount_SSP2_2045": 0.017721515, "price_future_SSP2_2045": 10727.702, "verdict_SSP2_2045": "Buy", "discount_SSP5_2035": 0.019332564, "price_future_SSP5_2035": 10710.107, "verdict_SSP5_2035": "Buy", "discount_SSP5_2045": 0.032220937, "price_future_SSP5_2045": 10569.351, "verdict_SSP5_2045": "Buy" }, "geometry": { "type": "Polygon", "coordinates": [ [ [ 2.303125, 48.8204375 ], [ 2.303125, 48.825875 ], [ 2.2925, 48.825875 ], [ 2.2925, 48.8204375 ], [ 2.303125, 48.8204375 ] ] ] } },
{ "type": "Feature", "properties": { "zone_id": "750402", "price_m2": 12281.0, "heat_score": 70.7, "flood_score": 13.4, "elevation": 62.5, "dist_seine": 2.93, "n_sales": 110, "risk": 36.32, "risk_score": 36.316158, "cluster": 2, "cluster_name": "heat-exposed, affordable", "price_baseline": 12320.946, "discount_SSP2_2035": 0.0179765, "price_future_SSP2_2035": 12099.459, "verdict_SSP2_2035": "Buy", "discount_SSP2_2045": 0.029960833, "price_future_SSP2_2045": 11951.801, "verdict_SSP2_2045": "Buy", "discount_SSP5_2035": 0.032684546, "price_future_SSP5_2035": 11918.241, "verdict_SSP5_2035": "Buy", "discount_SSP5_2045": 0.054474242, "price_future_SSP5_2045": 11649.772, "verdict_SSP5_2045": "Caution" }, "geometry": { "type": "Polygon", "coordinates": [ [ [ 2.303125, 48.825875 ], [ 2.303125, 48.8313125 ], [ 2.2925, 48.8313125 ], [ 2.2925, 48.825875 ], [ 2.303125, 48.825875 ] ] ] } },
{ "type": "Feature", "properties": { "zone_id": "750403", "price_m2": 11570.0, "heat_score": 30.0, "flood_score": 6.9, "elevation": 48.9, "dist_seine": 2.33, "n_sales": 248, "risk": 16.14, "risk_score": 16.144623, "cluster": 1, "cluster_name": "affordable", "price_baseline": 11614.514, "discount_SSP2_2035": 0.0079915887, "price_future_SSP2_2035": 11521.695, "verdict_SSP2_2035": "Buy", "discount_SSP2_2045": 0.013319314, "price_future_SSP2_2045": 11459.816, "verdict_SSP2_2045": "Buy", "discount_SSP5_2035": 0.014530161, "price_future_SSP5_2035": 11445.753, "verdict_SSP5_2035": "Buy", "discount_SSP5_2045": 0.024216935, "price_future_SSP5_2045": 11333.245, "verdict_SSP5_2045": "Buy" }, "geometry": { "type": "Polygon", "coordinates": [ [ [ 2.303125, 48.8313125 ], [ 2.303125, 48.83675 ], [ 2.2925, 48.83675 ], [ 2.2925, 48.8313125 ], [ 2.303125, 48.8313125 ] ] ] } },
{ "type": "Feature", "properties": { "zone_id": "750404", "price_m2": 13008.0, "heat_score": 63.7, "flood_score": 24.3, "elevation": 46.7, "dist_seine": 1.72, "n_sales": 369, "risk": 40.06, "risk_score": 40.063229, "cluster": 0, "cluster_name": "expensive", "price_baseline": 12971.328, "discount_SSP2_2035": 0.0198313, "price_future_SSP2_2035": 12714.09, "verdict_SSP2_2035": "Buy", "discount_SSP2_2045": 0.033052165, "price_future_SSP2_2045": 12542.598, "verdict_SSP2_2045": "Buy", "discount_SSP5_2035": 0.03605691, "price_future_SSP5_2035": 12503.622, "verdict_SSP5_2035": "Buy", "discount_SSP5_2045": 0.060094845, "price_future_SSP5_2045": 12191.818, "verdict_SSP5_2045": "Caution" }, "geometry": { "type": "Polygon", "coordinates": [ [ [ 2.303125, 48.83675 ], [ 2.303125, 48.8421875 ], [ 2.2925, 48.8421875 ], [ 2.2925, 48.83675 ], [ 2.303125, 48.83675 ] ] ] } },
{ "type": "Feature", "properties": { "zone_id": "750405", "price_m2": 13872.0, "heat_score": 71.3, "flood_score": 34.5, "elevation": 42.6, "dist_seine": 1.12, "n_sales": 395, "risk": 49.22, "risk_score": 49.230591, "cluster": 0, "cluster_name": "expensive", "price_baseline": 13737.899, "discount_SSP2_2035": 0.024369145, "price_future_SSP2_2035": 13403.119, "verdict_SSP2_2035": "Buy", "discount_SSP2_2045": 0.040615238, "price_future_SSP2_2045": 13179.931, "verdict_SSP2_2045": "Caution", "discount_SSP5_2035": 0.044307534, "price_future_SSP5_2035": 13129.207, "verdict_SSP5_2035": "Caution", "discount_SSP5_2045": 0.073845886, "price_future_SSP5_2045": 12723.412, "verdict_SSP5_2045": "Caution" }, "geometry": { "type": "Polygon", "coordinates": [ [ [ 2.303125, 48.8421875 ], [ 2.303125, 48.847625 ], [ 2.2925, 48.847625 ], [ 2.2925, 48.8421875 ], [ 2.303125, 48.8421875 ] ] ] } },
{ "type": "Feature", "properties": { "zone_id": "750406", "price_m2": 13332.0, "heat_score": 49.9, "flood_score": 65.7, "elevation": 37.8, "dist_seine": 0.52, "n_sales": 260, "risk": 59.38, "risk_score": 59.392078, "cluster": 3, "cluster_name": "flood-exposed, expensive", "price_baseline": 13312.956, "discount_SSP2_2035": 0.029399082, "price_future_SSP2_2035": 12921.567, "verdict_SSP2_2035": "Buy", "discount_SSP2_2045": 0.048998468, "price_future_SSP2_2045": 12660.642, "verdict_SSP2_2045": "Caution", "discount_SSP5_2035": 0.053452875, "price_future_SSP5_2035": 12601.341, "verdict_SSP5_2035": "Caution", "discount_SSP5_2045": 0.08908812, "price_future_SSP5_2045": 12126.93, "verdict_SSP5_2045": "Avoid" }, "geometry": { "type": "Polygon", "coordinates": [ [ [ 2.303125, 48.847625 ], [ 2.303125, 48.8530625 ], [ 2.2925, 48.8530625 ], [ 2.2925, 48.847625 ], [ 2.303125, 48.847625 ] ] ] } },
{ "type": "Feature", "properties": { "zone_id": "750407", "price_m2": 12544.0, "heat_score": 30.6, "flood_score": 96.2, "elevation": 30.6, "dist_seine": 0.09, "n_sales": 108, "risk": 69.96, "risk_score": 72.826653, "cluster": 3, "cluster_name": "flood-exposed, expensive", "price_baseline": 12528.896, "discount_SSP2_2035": 0.036049198, "price_future_SSP2_2035": 12077.24, "verdict_SSP2_2035": "Buy", "discount_SSP2_2045": 0.060081996, "price_future_SSP2_2045": 11776.135, "verdict_SSP2_2045": "Caution", "discount_SSP5_2035": 0.065543994, "price_future_SSP5_2035": 11707.702, "verdict_SSP5_2035": "Caution", "discount_SSP5_2045": 0.10923999, "price_future_SSP5_2045": 11160.24, "verdict_SSP5_2045": "Avoid" }, "geometry": { "type": "Polygon", "coordinates": [ [ [ 2.303125, 48.8530625 ], [ 2.303125, 48.8585 ], [ 2.2925, 48.8585 ], [ 2.2925, 48.8530625 ], [ 2.303125, 48.8530625 ] ] ] } },
{ "type": "Feature", "properties": { "zone_id": "750408", "price_m2": 14286.0, "heat_score": 60.0, "flood_score": 57.5, "elevation": 37.5, "dist_seine": 0.69, "n_sales": 354, "risk": 58.5, "risk_score": 58.490528, "cluster": 3, "cluster_name": "flood-exposed, expensive", "price_baseline": 14298.532, "discount_SSP2_2035": 0.028952813, "price_future_SSP2_2035": 13884.549, "verdict_SSP2_2035": "Buy", "discount_SSP2_2045": 0.048254687, "price_future_SSP2_2045": 13608.562, "verdict_SSP2_2045": "Caution", "discount_SSP5_2035": 0.052641477, "price_future_SSP5_2035": 13545.837, "verdict_SSP5_2035": "Caution", "discount_SSP5_2045": 0.087735794, "price_future_SSP5_2045": 13044.039, "verdict_SSP5_2045": "Avoid" }, "geometry": { "type": "Polygon", "coordinates": [ [ [ 2.303125, 48.8585 ], [ 2.303125, 48.8639375 ], [ 2.2925, 48.8639375 ], [ 2.2925, 48.8585 ], [ 2.303125, 48.8585 ] ] ] } },
{ "type": "Feature", "properties": { "zone_id": "750409", "price_m2": 12809.0, "heat_score": 68.5, "flood_score": 35.9, "elevation": 44.4, "dist_seine": 1.29, "n_sales": 148, "risk": 48.94, "risk_score": 46.214088, "cluster": 0, "cluster_name": "expensive", "price_baseline": 12826.269, "discount_SSP2_2035": 0.022875976, "price_future_SSP2_2035": 12532.855, "verdict_SSP2_2035": "Buy", "discount_SSP2_2045": 0.038126625, "price_future_SSP2_2045": 12337.246, "verdict_SSP2_2045": "Buy", "discount_SSP5_2035": 0.04159268, "price_future_SSP5_2035": 12292.79, "verdict_SSP5_2035": "Caution", "discount_SSP5_2045": 0.069321133, "price_future_SSP5_2045": 11937.137, "verdict_SSP5_2045": "Caution" }, "geometry": { "type": "Polygon", "coordinates": [ [ [ 2.303125, 48.8639375 ], [ 2.303125, 48.869375 ], [ 2.2925, 48.869375 ], [ 2.2925, 48.8639375 ], [ 2.303125, 48.8639375 ] ] ] } },
{ "type": "Feature", "properties": { "zone_id": "750410", "price_m2": 13426.0, "heat_score": 74.2, "flood_score": 15.4, "elevation": 50.0, "dist_seine": 1.9, "n_sales": 259, "risk": 38.92, "risk_score": 38.914978, "cluster": 0, "cluster_name": "expensive", "price_baseline": 13380.434, "discount_SSP2_2035": 0.019262917, "price_future_SSP2_2035": 13122.688, "verdict_SSP2_2035": "Buy", "discount_SSP2_2045": 0.032104861, "price_future_SSP2_2045": 12950.856, "verdict_SSP2_2045": "Buy", "discount_SSP5_2035": 0.035023484, "price_future_SSP5_2035": 12911.804, "verdict_SSP5_2035": "Buy", "discount_SSP5_2045": 0.058372471, "price_future_SSP5_2045": 12599.384, "verdict_SSP5_2045": "Caution" }, "geometry": { "type": "Polygon", "coordinates": [ [ [ 2.303125, 48.869375 ], [ 2.303125, 48.8748125 ], [ 2.2925, 48.8748125 ], [ 2.2925, 48.869375 ], [ 2.303125, 48.869375 ] ] ] } },
{ "type": "Feature", "properties": { "zone_id": "750411", "price_m2": 12932.0, "heat_score": 41.9, "flood_score": 8.6, "elevation": 56.7, "dist_seine": 2.5, "n_sales": 259, "risk": 21.92, "risk_score": 21.91416, "cluster": 0, "cluster_name": "expensive", "price_baseline": 12897.72, "discount_SSP2_2035": 0.010847511, "price_future_SSP2_2035": 12757.812, "verdict_SSP2_2035": "Buy", "discount_SSP2_2045": 0.018079184, "price_future_SSP2_2045": 12664.54, "verdict_SSP2_2045": "Buy", "discount_SSP5_2035": 0.019722747, "price_future_SSP5_2035": 12643.341, "verdict_SSP5_2035": "Buy", "discount_SSP5_2045": 0.032871243, "price_future_SSP5_2045": 12473.756, "verdict_SSP5_2045": "Buy" }, "geometry": { "type": "Polygon", "coordinates": [ [ [ 2.303125, 48.8748125 ], [ 2.303125, 48.88025 ], [ 2.2925, 48.88025 ], [ 2.2925, 48.8748125 ], [ 2.303125, 48.8748125 ] ] ] } },
{ "type": "Feature", "properties": { "zone_id": "750412", "price_m2": 13603.0, "heat_score": 48.2, "flood_score": 0.3, "elevation": 55.5, "dist_seine": 3.1, "n_sales": 354, "risk": 19.46, "risk_score": 19.461048, "cluster": 0, "cluster_name": "expensive", "price_baseline": 13466.994, "discount_SSP2_2035": 0.0096332189, "price_future_SSP2_2035": 13337.264, "verdict_SSP2_2035": "Buy", "discount_SSP2_2045": 0.016055364, "price_future_SSP2_2045": 13250.777, "verdict_SSP2_2045": "Buy", "discount_SSP5_2035": 0.017514944, "price_future_SSP5_2035": 13231.12, "verdict_SSP5_2035": "Buy", "discount_SSP5_2045": 0.029191572, "price_future_SSP5_2045": 13073.872, "verdict_SSP5_2045": "Buy" }, "geometry": { "type": "Polygon", "coordinates": [ [ [ 2.303125, 48.88025 ], [ 2.303125, 48.8856875 ], [ 2.2925, 48.8856875 ], [ 2.2925, 48.88025 ], [ 2.303125, 48.88025 ] ] ] } },
{ "type": "Feature", "properties": { "zone_id": "750413", "price_m2": 12680.0, "heat_score": 36.1, "flood_score": 3.3, "elevation": 61.4, "dist_seine": 3.71, "n_sales": 201, "risk": 16.42, "risk_score": 16.418365, "cluster": 1, "cluster_name": "affordable", "price_baseline": 12764.838, "discount_SSP2_2035": 0.0081270924, "price_future_SSP2_2035": 12661.097, "verdict_SSP2_2035": "Buy", "discount_SSP2_2045": 0.013545153, "price_future_SSP2_2045": 12591.937, "verdict_SSP2_2045": "Buy", "discount_SSP5_2035": 0.014776531, "price_future_SSP5_2035": 12576.218, "verdict_SSP5_2035": "Buy", "discount_SSP5_2045": 0.02462755, "price_future_SSP5_2045": 12450.471, "verdict_SSP5_2045": "Buy" }, "geometry": { "type": "Polygon", "coordinates": [ [ [ 2.303125, 48.8856875 ], [ 2.303125, 48.891125 ], [ 2.2925, 48.891125 ], [ 2.2925, 48.8856875 ], [ 2.303125, 48.8856875 ] ] ] } },
{ "type": "Feature", "properties": { "zone_id": "750414", "price_m2": 11899.0, "heat_score": 78.0, "flood_score": 12.7, "elevation": 65.8, "dist_seine": 4.31, "n_sales": 332, "risk": 38.82, "risk_score": 38.816036, "cluster": 2, "cluster_name": "heat-exposed, affordable", "price_baseline": 11902.871, "discount_SSP2_2035": 0.019213941, "price_future_SSP2_2035": 11674.17, "verdict_SSP2_2035": "Buy", "discount_SSP2_2045": 0.032023232, "price_future_SSP2_2045": 11521.702, "verdict_SSP2_2045": "Buy", "discount_SSP5_2035": 0.034934435, "price_future_SSP5_2035": 11487.051, "verdict_SSP5_2035": "Buy", "discount_SSP5_2045": 0.058224056, "price_future_SSP5_2045": 11209.837, "verdict_SSP5_2045": "Caution" }, "geometry": { "type": "Polygon", "coordinates": [ [ [ 2.303125, 48.891125 ], [ 2.303125, 48.8965625 ], [ 2.2925, 48.8965625 ], [ 2.2925, 48.891125 ], [ 2.303125, 48.891125 ] ] ] } },
{ "type": "Feature", "properties": { "zone_id": "750415", "price_m2": 9715.0, "heat_score": 74.7, "flood_score": 0.0, "elevation": 75.0, "dist_seine": 4.92, "n_sales": 298, "risk": 29.88, "risk_score": 29.891256, "cluster": 2, "cluster_name": "heat-exposed, affordable", "price_baseline": 9748.6064, "discount_SSP2_2035": 0.014796173, "price_future_SSP2_2035": 9604.3643, "verdict_SSP2_2035": "Buy", "discount_SSP2_2045": 0.024660287, "price_future_SSP2_2045": 9508.2031, "verdict_SSP2_2045": "Buy", "discount_SSP5_2035": 0.026902134, "price_future_SSP5_2035": 9486.3477, "verdict_SSP5_2035": "Buy", "discount_SSP5_2045": 0.044836886, "price_future_SSP5_2045": 9311.5098, "verdict_SSP5_2045": "Caution" }, "geometry": { "type": "Polygon", "coordinates": [ [ [ 2.303125, 48.8965625 ], [ 2.303125, 48.902 ], [ 2.2925, 48.902 ], [ 2.2925, 48.8965625 ], [ 2.303125, 48.8965625 ] ] ] } },
{ "type": "Feature", "properties": { "zone_id": "750500", "price_m2": 11791.0, "heat_score": 61.6, "flood_score": 5.8, "elevation": 69.7, "dist_seine": 4.14, "n_sales": 110, "risk": 28.12, "risk_score": 28.113113, "cluster": 2, "cluster_name": "heat-exposed, affordable", "price_baseline": 11755.213, "discount_SSP2_2035": 0.013915994, "price_future_SSP2_2035": 11591.627, "verdict_SSP2_2035": "Buy", "discount_SSP2_2045": 0.023193322, "price_future_SSP2_2045": 11482.57, "verdict_SSP2_2045": "Buy", "discount_SSP5_2035": 0.025301807, "price_future_SSP5_2035": 11457.785, "verdict_SSP5_2035": "Buy", "discount_SSP5_2045": 0.042169675, "price_future_SSP5_2045": 11259.499, "verdict_SSP5_2045": "Caution" }, "geometry": { "type": "Polygon", "coordinates": [ [ [ 2.31375, 48.815 ], [ 2.31375, 48.8204375 ], [ 2.303125, 48.8204375 ], [ 2.303125, 48.815 ], [ 2.31375, 48.815 ] ] ] } },
{ "type": "Feature", "properties": { "zone_id": "750501", "price_m2": 10741.0, "heat_score": 52.7, "flood_score": 0.0, "elevation": 64.6, "dist_seine": 3.53, "n_sales": 34, "risk": 21.08, "risk_score": 21.064024, "cluster": 1, "cluster_name": "affordable", "price_baseline": 10704.833, "discount_SSP2_2035": 0.010426694, "price_future_SSP2_2035": 10593.217, "verdict_SSP2_2035": "Buy", "discount_SSP2_2045": 0.017377822, "price_future_SSP2_2045": 10518.807, "verdict_SSP2_2045": "Buy", "discount_SSP5_2035": 0.018957624, "price_future_SSP5_2035": 10501.895, "verdict_SSP5_2035": "Buy", "discount_SSP5_2045": 0.031596038, "price_future_SSP5_2045": 10366.603, "verdict_SSP5_2045": "Buy" }, "geometry": { "type": "Polygon", "coordinates": [ [ [ 2.31375, 48.8204375 ], [ 2.31375, 48.825875 ], [ 2.303125, 48.825875 ], [ 2.303125, 48.8204375 ], [ 2.31375, 48.8204375 ] ] ] } },
{ "type": "Feature", "properties": { "zone_id": "750502", "price_m2": 11858.0, "heat_score": 38.5, "flood_score": 2.3, "elevation": 57.1, "dist_seine": 2.93, "n_sales": 381, "risk": 16.78, "risk_score": 16.778549, "cluster": 1, "cluster_name": "affordable", "price_baseline": 11800.82, "discount_SSP2_2035": 0.0083053829, "price_future_SSP2_2035": 11702.811, "verdict_SSP2_2035": "Buy", "discount_SSP2_2045": 0.013842304, "price_future_SSP2_2045": 11637.47, "verdict_SSP2_2045": "Buy", "discount_SSP5_2035": 0.015100695, "price_future_SSP5_2035": 11622.619, "verdict_SSP5_2035": "Buy", "discount_SSP5_2045": 0.025167825, "price_future_SSP5_2045": 11503.819, "verdict_SSP5_2045": "Buy" }, "geometry": { "type": "Polygon", "coordinates": [ [ [ 2.31375, 48.825875 ], [ 2.31375, 48.8313125 ], [ 2.303125, 48.8313125 ], [ 2.303125, 48.825875 ], [ 2.31375, 48.825875 ] ] ] } },
{ "type": "Feature", "properties": { "zone_id": "750503", "price_m2": 10020.0, "heat_score": 45.5, "flood_score": 11.3, "elevation": 50.5, "dist_seine": 2.33, "n_sales": 215, "risk": 24.98, "risk_score": 27.811728, "cluster": 1, "cluster_name": "affordable", "price_baseline": 10175.57, "discount_SSP2_2035": 0.013766806, "price_future_SSP2_2035": 10035.485, "verdict_SSP2_2035": "Buy", "discount_SSP2_2045": 0.022944676, "price_future_SSP2_2045": 9942.0947, "verdict_SSP2_2045": "Buy", "discount_SSP5_2035": 0.025030557, "price_future_SSP5_2035": 9920.8701, "verdict_SSP5_2035": "Buy", "discount_SSP5_2045": 0.041717593, "price_future_SSP5_2045": 9751.0703, "verdict_SSP5_2045": "Caution" }, "geometry": { "type": "Polygon", "coordinates": [ [ [ 2.31375, 48.8313125 ], [ 2.31375, 48.83675 ], [ 2.303125, 48.83675 ], [ 2.303125, 48.8313125 ], [ 2.31375, 48.8313125 ] ] ] } },
{ "type": "Feature", "properties": { "zone_id": "750504", "price_m2": 12383.0, "heat_score": 30.0, "flood_score": 31.8, "elevation": 47.9, "dist_seine": 1.72, "n_sales": 349, "risk": 31.08, "risk_score": 31.060596, "cluster": 0, "cluster_name": "expensive", "price_baseline": 12262.08, "discount_SSP2_2035": 0.015374997, "price_future_SSP2_2035": 12073.551, "verdict_SSP2_2035": "Buy", "discount_SSP2_2045": 0.025624994, "price_future_SSP2_2045": 11947.864, "verdict_SSP2_2045": "Buy", "discount_SSP5_2035": 0.027954539, "price_future_SSP5_2035": 11919.3, "verdict_SSP5_2035": "Buy", "discount_SSP5_2045": 0.046590898, "price_future_SSP5_2045": 11690.778, "verdict_SSP5_2045": "Caution" }, "geometry": { "type": "Polygon", "coordinates": [ [ [ 2.31375, 48.83675 ], [ 2.31375, 48.8421875 ], [ 2.303125, 48.8421875 ], [ 2.303125, 48.83675 ], [ 2.31375, 48.83675 ] ] ] } },
{ "type": "Feature", "properties": { "zone_id": "750505", "price_m2": 12613.0, "heat_score": 58.0, "flood_score": 42.2, "elevation": 44.5, "dist_seine": 1.12, "n_sales": 91, "risk": 48.52, "risk_score": 48.542561, "cluster": 0, "cluster_name": "expensive", "price_baseline": 12539.536, "discount_SSP2_2035": 0.024028568, "price_future_SSP2_2035": 12238.229, "verdict_SSP2_2035": "Buy", "discount_SSP2_2045": 0.040047612, "price_future_SSP2_2045": 12037.358, "verdict_SSP2_2045": "Caution", "discount_SSP5_2035": 0.043688305, "price_future_SSP5_2035": 11991.705, "verdict_SSP5_2035": "Caution", "discount_SSP5_2045": 0.072813839, "price_future_SSP5_2045": 11626.484, "verdict_SSP5_2045": "Caution" }, "geometry": { "type": "Polygon", "coordinates": [ [ [ 2.31375, 48.8421875 ], [ 2.31375, 48.847625 ], [ 2.303125, 48.847625 ], [ 2.303125, 48.8421875 ], [ 2.31375, 48.8421875 ] ] ] } },
{ "type": "Feature", "properties": { "zone_id": "750506", "price_m2": 12928.0, "heat_score": 30.0, "flood_score": 64.3, "elevation": 39.6, "dist_seine": 0.52, "n_sales": 103, "risk": 50.58, "risk_score": 50.580257, "cluster": 3, "cluster_name": "flood-exposed, expensive", "price_baseline": 12846.8, "discount_SSP2_2035": 0.025037229, "price_future_SSP2_2035": 12525.151, "verdict_SSP2_2035": "Buy", "discount_SSP2_2045": 0.041728713, "price_future_SSP2_2045": 12310.719, "verdict_SSP2_2045": "Caution", "discount_SSP5_2035": 0.045522235, "price_future_SSP5_2035": 12261.985, "verdict_SSP5_2035": "Caution", "discount_SSP5_2045": 0.075870387, "price_future_SSP5_2045": 11872.108, "verdict_SSP5_2045": "Caution" }, "geometry": { "type": "Polygon", "coordinates": [ [ [ 2.31375, 48.847625 ], [ 2.31375, 48.8530625 ], [ 2.303125, 48.8530625 ], [ 2.303125, 48.847625 ], [ 2.31375, 48.847625 ] ] ] } },
{ "type": "Feature", "properties": { "zone_id": "750507", "price_m2": 13801.0, "heat_score": 40.2, "flood_score": 92.2, "elevation": 33.1, "dist_seine": 0.09, "n_sales": 208, "risk": 71.4, "risk_score": 71.40538, "cluster": 3, "cluster_name": "flood-exposed, expensive", "price_baseline": 13804.143, "discount_SSP2_2035": 0.03534567, "price_future_SSP2_2035": 13316.226, "verdict_SSP2_2035": "Buy", "discount_SSP2_2045": 0.058909446, "price_future_SSP2_2045": 12990.948, "verdict_SSP2_2045": "Caution", "discount_SSP5_2035": 0.064264849, "price_future_SSP5_2035": 12917.021, "verdict_SSP5_2035": "Caution", "discount_SSP5_2045": 0.10710808, "price_future_SSP5_2045": 12325.607, "verdict_SSP5_2045": "Avoid" }, "geometry": { "type": "Polygon", "coordinates": [ [ [ 2.31375, 48.8530625 ], [ 2.31375, 48.8585 ], [ 2.303125, 48.8585 ], [ 2.303125, 48.8530625 ], [ 2.31375, 48.8530625 ] ] ] } },
{ "type": "Feature", "properties": { "zone_id": "750508", "price_m2": 13931.0, "heat_score": 63.9, "flood_score": 62.3, "elevation": 39.5, "dist_seine": 0.69, "n_sales": 166, "risk": 62.94, "risk_score": 62.942223, "cluster": 3, "cluster_name": "flood-exposed, expensive", "price_baseline": 13782.528, "discount_SSP2_2035": 0.031156404, "price_future_SSP2_2035": 13353.114, "verdict_SSP2_2035": "Buy", "discount_SSP2_2045": 0.051927339, "price_future_SSP2_2045": 13066.839, "verdict_SSP2_2045": "Caution", "discount_SSP5_2035": 0.056648005, "price_future_SSP5_2035": 13001.775, "verdict_SSP5_2035": "Caution", "discount_SSP5_2045": 0.09441334, "price_future_SSP5_2045": 12481.273, "verdict_SSP5_2045": "Avoid" }, "geometry": { "type": "Polygon", "coordinates": [ [ [ 2.31375, 48.8585 ], [ 2.31375, 48.8639375 ], [ 2.303125, 48.8639375 ], [ 2.303125, 48.8585 ], [ 2.31375, 48.8585 ] ] ] } },
{ "type": "Feature", "properties": { "zone_id": "750509", "price_m2": 13199.0, "heat_score": 30.0, "flood_score": 25.9, "elevation": 46.2, "dist_seine": 1.29, "n_sales": 109, "risk": 27.54, "risk_score": 27.548225, "cluster": 0, "cluster_name": "expensive", "price_baseline": 13205.194, "discount_SSP2_2035": 0.013636374, "price_future_SSP2_2035": 13025.124, "verdict_SSP2_2035": "Buy", "discount_SSP2_2045": 0.022727288, "price_future_SSP2_2045": 12905.076, "verdict_SSP2_2045": "Buy", "discount_SSP5_2035": 0.024793407, "price_future_SSP5_2035": 12877.793, "verdict_SSP5_2035": "Buy", "discount_SSP5_2045": 0.041322343, "price_future_SSP5_2045": 12659.524, "verdict_SSP5_2045": "Caution" }, "geometry": { "type": "Polygon", "coordinates": [ [ [ 2.31375, 48.8639375 ], [ 2.31375, 48.869375 ], [ 2.303125, 48.869375 ], [ 2.303125, 48.8639375 ], [ 2.31375, 48.8639375 ] ] ] } },
{ "type": "Feature", "properties": { "zone_id": "750510", "price_m2": 13329.0, "heat_score": 67.6, "flood_score": 14.0, "elevation": 51.3, "dist_seine": 1.9, "n_sales": 261, "risk": 35.44, "risk_score": 34.973179, "cluster": 0, "cluster_name": "expensive", "price_baseline": 13312.562, "discount_SSP2_2035": 0.017311726, "price_future_SSP2_2035": 13082.099, "verdict_SSP2_2035": "Buy", "discount_SSP2_2045": 0.028852876, "price_future_SSP2_2045": 12928.457, "verdict_SSP2_2045": "Buy", "discount_SSP5_2035": 0.031475864, "price_future_SSP5_2035": 12893.538, "verdict_SSP5_2035": "Buy", "discount_SSP5_2045": 0.052459773, "price_future_SSP5_2045": 12614.188, "verdict_SSP5_2045": "Caution" }, "geometry": { "type": "Polygon", "coordinates": [ [ [ 2.31375, 48.869375 ], [ 2.31375, 48.8748125 ], [ 2.303125, 48.8748125 ], [ 2.303125, 48.869375 ], [ 2.31375, 48.869375 ] ] ] } },
{ "type": "Feature", "properties": { "zone_id": "750511", "price_m2": 14465.0, "heat_score": 32.8, "flood_score": 15.6, "elevation": 57.4, "dist_seine": 2.5, "n_sales": 186, "risk": 22.48, "risk_score": 22.48098, "cluster": 0, "cluster_name": "expensive", "price_baseline": 14489.569, "discount_SSP2_2035": 0.011128086, "price_future_SSP2_2035": 14328.328, "verdict_SSP2_2035": "Buy", "discount_SSP2_2045": 0.018546809, "price_future_SSP2_2045": 14220.834, "verdict_SSP2_2045": "Buy", "discount_SSP5_2035": 0.020232882, "price_future_SSP5_2035": 14196.404, "verdict_SSP5_2035": "Buy", "discount_SSP5_2045": 0.033721469, "price_future_SSP5_2045": 14000.96, "verdict_SSP5_2045": "Buy" }, "geometry": { "type": "Polygon", "coordinates": [ [ [ 2.31375, 48.8748125 ], [ 2.31375, 48.88025 ], [ 2.303125, 48.88025 ], [ 2.303125, 48.8748125 ], [ 2.31375, 48.8748125 ] ] ] } },
{ "type": "Feature", "properties": { "zone_id": "750512", "price_m2": 12010.0, "heat_score": 63.2, "flood_score": 5.2, "elevation": 53.1, "dist_seine": 3.1, "n_sales": 131, "risk": 28.4, "risk_score": 28.391821, "cluster": 2, "cluster_name": "heat-exposed, affordable", "price_baseline": 11968.853, "discount_SSP2_2035": 0.014053952, "price_future_SSP2_2035": 11800.643, "verdict_SSP2_2035": "Buy", "discount_SSP2_2045": 0.023423253, "price_future_SSP2_2045": 11688.503, "verdict_SSP2_2045": "Buy", "discount_SSP5_2035": 0.02555264, "price_future_SSP5_2035": 11663.017, "verdict_SSP5_2035": "Buy", "discount_SSP5_2045": 0.042587731, "price_future_SSP5_2045": 11459.126, "verdict_SSP5_2045": "Caution" }, "geometry": { "type": "Polygon", "coordinates": [ [ [ 2.31375, 48.88025 ], [ 2.31375, 48.8856875 ], [ 2.303125, 48.8856875 ], [ 2.303125, 48.88025 ], [ 2.31375, 48.88025 ] ] ] } },
{ "type": "Feature", "properties": { "zone_id": "750513", "price_m2": 11464.0, "heat_score": 72.3, "flood_score": 0.0, "elevation": 63.9, "dist_seine": 3.71, "n_sales": 35, "risk": 28.92, "risk_score": 28.921467, "cluster": 2, "cluster_name": "heat-exposed, affordable", "price_baseline": 11671.833, "discount_SSP2_2035": 0.014316127, "price_future_SSP2_2035": 11504.737, "verdict_SSP2_2035": "Buy", "discount_SSP2_2045": 0.023860211, "price_future_SSP2_2045": 11393.341, "verdict_SSP2_2045": "Buy", "discount_SSP5_2035": 0.026029322, "price_future_SSP5_2035": 11368.022, "verdict_SSP5_2035": "Buy", "discount_SSP5_2045": 0.043382201, "price_future_SSP5_2045": 11165.482, "verdict_SSP5_2045": "Caution" }, "geometry": { "type": "Polygon", "coordinates": [ [ [ 2.31375, 48.8856875 ], [ 2.31375, 48.891125 ], [ 2.303125, 48.891125 ], [ 2.303125, 48.8856875 ], [ 2.31375, 48.8856875 ] ] ] } },
{ "type": "Feature", "properties": { "zone_id": "750514", "price_m2": 12612.0, "heat_score": 30.0, "flood_score": 2.5, "elevation": 68.8, "dist_seine": 4.31, "n_sales": 77, "risk": 13.5, "risk_score": 13.508224, "cluster": 1, "cluster_name": "affordable", "price_baseline": 12567.226, "discount_SSP2_2035": 0.006686572, "price_future_SSP2_2035": 12483.194, "verdict_SSP2_2035": "Buy", "discount_SSP2_2045": 0.011144286, "price_future_SSP2_2045": 12427.173, "verdict_SSP2_2045": "Buy", "discount_SSP5_2035": 0.012157404, "price_future_SSP5_2035": 12414.441, "verdict_SSP5_2035": "Buy", "discount_SSP5_2045": 0.020262338, "price_future_SSP5_2045": 12312.584, "verdict_SSP5_2045": "Buy" }, "geometry": { "type": "Polygon", "coordinates": [ [ [ 2.31375, 48.891125 ], [ 2.31375, 48.8965625 ], [ 2.303125, 48.8965625 ], [ 2.303125, 48.891125 ], [ 2.31375, 48.891125 ] ] ] } },
{ "type": "Feature", "properties": { "zone_id": "750515", "price_m2": 12284.0, "heat_score": 73.3, "flood_score": 5.2, "elevation": 69.6, "dist_seine": 4.92, "n_sales": 20, "risk": 32.44, "risk_score": 32.445766, "cluster": 2, "cluster_name": "heat-exposed, affordable", "price_baseline": 12310.064, "discount_SSP2_2035": 0.016060658, "price_future_SSP2_2035": 12112.356, "verdict_SSP2_2035": "Buy", "discount_SSP2_2045": 0.026767761, "price_future_SSP2_2045": 11980.552, "verdict_SSP2_2045": "Buy", "discount_SSP5_2035": 0.029201193, "price_future_SSP5_2035": 11950.596, "verdict_SSP5_2035": "Buy", "discount_SSP5_2045": 0.048668653, "price_future_SSP5_2045": 11710.95, "verdict_SSP5_2045": "Caution" }, "geometry": { "type": "Polygon", "coordinates": [ [ [ 2.31375, 48.8965625 ], [ 2.31375, 48.902 ], [ 2.303125, 48.902 ], [ 2.303125, 48.8965625 ], [ 2.31375, 48.8965625 ] ] ] } },
{ "type": "Feature", "properties": { "zone_id": "750600", "price_m2": 10628.0, "heat_score": 80.4, "flood_score": 1.4, "elevation": 63.6, "dist_seine": 4.14, "n_sales": 146, "risk": 33.000000000000007, "risk_score": 33.004616, "cluster": 2, "cluster_name": "heat-exposed, affordable", "price_baseline": 10673.712, "discount_SSP2_2035": 0.016337287, "price_future_SSP2_2035": 10499.333, "verdict_SSP2_2035": "Buy", "discount_SSP2_2045": 0.02722881, "price_future_SSP2_2045": 10383.079, "verdict_SSP2_2045": "Buy", "discount_SSP5_2035": 0.029704155, "price_future_SSP5_2035": 10356.658, "verdict_SSP5_2035": "Buy", "discount_SSP5_2045": 0.049506925, "price_future_SSP5_2045": 10145.289, "verdict_SSP5_2045": "Caution" }, "geometry": { "type": "Polygon", "coordinates": [ [ [ 2.324375, 48.815 ], [ 2.324375, 48.8204375 ], [ 2.31375, 48.8204375 ], [ 2.31375, 48.815 ], [ 2.324375, 48.815 ] ] ] } },
{ "type": "Feature", "properties": { "zone_id": "750601", "price_m2": 12315.0, "heat_score": 30.0, "flood_score": 6.7, "elevation": 63.5, "dist_seine": 3.53, "n_sales": 106, "risk": 16.02, "risk_score": 15.966957, "cluster": 1, "cluster_name": "affordable", "price_baseline": 12181.188, "discount_SSP2_2035": 0.0079036448, "price_future_SSP2_2035": 12084.913, "verdict_SSP2_2035": "Buy", "discount_SSP2_2045": 0.013172741, "price_future_SSP2_2045": 12020.729, "verdict_SSP2_2045": "Buy", "discount_SSP5_2035": 0.014370263, "price_future_SSP5_2035": 12006.142, "verdict_SSP5_2035": "Buy", "discount_SSP5_2045": 0.023950437, "price_future_SSP5_2045": 11889.443, "verdict_SSP5_2045": "Buy" }, "geometry": { "type": "Polygon", "coordinates": [ [ [ 2.324375, 48.8204375 ], [ 2.324375, 48.825875 ], [ 2.31375, 48.825875 ], [ 2.31375, 48.8204375 ], [ 2.324375, 48.8204375 ] ] ] } },
{ "type": "Feature", "properties": { "zone_id": "750602", "price_m2": 10161.0, "heat_score": 62.3, "flood_score": 7.8, "elevation": 53.6, "dist_seine": 2.93, "n_sales": 200, "risk": 29.6, "risk_score": 29.607821, "cluster": 2, "cluster_name": "heat-exposed, affordable", "price_baseline": 10178.066, "discount_SSP2_2035": 0.014655873, "price_future_SSP2_2035": 10028.897, "verdict_SSP2_2035": "Buy", "discount_SSP2_2045": 0.024426455, "price_future_SSP2_2045": 9929.4521, "verdict_SSP2_2045": "Buy", "discount_SSP5_2035": 0.026647041, "price_future_SSP5_2035": 9906.8516, "verdict_SSP5_2035": "Buy", "discount_SSP5_2045": 0.044411734, "price_future_SSP5_2045": 9726.041, "verdict_SSP5_2045": "Caution" }, "geometry": { "type": "Polygon", "coordinates": [ [ [ 2.324375, 48.825875 ], [ 2.324375, 48.8313125 ], [ 2.31375, 48.8313125 ], [ 2.31375, 48.825875 ], [ 2.324375, 48.825875 ] ] ] } },
{ "type": "Feature", "properties": { "zone_id": "750603", "price_m2": 13011.0, "heat_score": 75.3, "flood_score": 20.3, "elevation": 59.0, "dist_seine": 2.33, "n_sales": 111, "risk": 42.3, "risk_score": 42.298466, "cluster": 2, "cluster_name": "heat-exposed, affordable", "price_baseline": 12949.844, "discount_SSP2_2035": 0.020937743, "price_future_SSP2_2035": 12678.703, "verdict_SSP2_2035": "Buy", "discount_SSP2_2045": 0.034896236, "price_future_SSP2_2045": 12497.942, "verdict_SSP2_2045": "Buy", "discount_SSP5_2035": 0.038068622, "price_future_SSP5_2035": 12456.86, "verdict_SSP5_2035": "Buy", "discount_SSP5_2045": 0.063447699, "price_future_SSP5_2045": 12128.206, "verdict_SSP5_2045": "Caution" }, "geometry": { "type": "Polygon", "coordinates": [ [ [ 2.324375, 48.8313125 ], [ 2.324375, 48.83675 ], [ 2.31375, 48.83675 ], [ 2.31375, 48.8313125 ], [ 2.324375, 48.8313125 ] ] ] } },
{ "type": "Feature", "properties": { "zone_id": "750604", "price_m2": 14515.0, "heat_score": 70.4, "flood_score": 21.9, "elevation": 54.9, "dist_seine": 1.72, "n_sales": 50, "risk": 41.3, "risk_score": 41.296696, "cluster": 0, "cluster_name": "expensive", "price_baseline": 14471.307, "discount_SSP2_2035": 0.020441867, "price_future_SSP2_2035": 14175.485, "verdict_SSP2_2035": "Buy", "discount_SSP2_2045": 0.034069777, "price_future_SSP2_2045": 13978.272, "verdict_SSP2_2045": "Buy", "discount_SSP5_2035": 0.037167031, "price_future_SSP5_2035": 13933.451, "verdict_SSP5_2035": "Buy", "discount_SSP5_2045": 0.061945047, "price_future_SSP5_2045": 13574.881, "verdict_SSP5_2045": "Caution" }, "geometry": { "type": "Polygon", "coordinates": [ [ [ 2.324375, 48.83675 ], [ 2.324375, 48.8421875 ], [ 2.31375, 48.8421875 ], [ 2.31375, 48.83675 ], [ 2.324375, 48.83675 ] ] ] } },
{ "type": "Feature", "properties": { "zone_id": "750605", "price_m2": 13937.0, "heat_score": 50.2, "flood_score": 34.7, "elevation": 45.9, "dist_seine": 1.12, "n_sales": 157, "risk": 40.9, "risk_score": 40.650833, "cluster": 0, "cluster_name": "expensive", "price_baseline": 13889.881, "discount_SSP2_2035": 0.020122165, "price_future_SSP2_2035": 13610.387, "verdict_SSP2_2035": "Buy", "discount_SSP2_2045": 0.033536941, "price_future_SSP2_2045": 13424.058, "verdict_SSP2_2045": "Buy", "discount_SSP5_2035": 0.036585752, "price_future_SSP5_2035": 13381.709, "verdict_SSP5_2035": "Buy", "discount_SSP5_2045": 0.060976252, "price_future_SSP5_2045": 13042.928, "verdict_SSP5_2045": "Caution" }, "geometry": { "type": "Polygon", "coordinates": [ [ [ 2.324375, 48.8421875 ], [ 2.324375, 48.847625 ], [ 2.31375, 48.847625 ], [ 2.31375, 48.8421875 ], [ 2.324375, 48.8421875 ] ] ] } },
{ "type": "Feature", "properties": { "zone_id": "750606", "price_m2": 15147.0, "heat_score": 54.1, "flood_score": 68.2, "elevation": 35.3, "dist_seine": 0.52, "n_sales": 134, "risk": 62.56, "risk_score": 62.574051, "cluster": 3, "cluster_name": "flood-exposed, expensive", "price_baseline": 15127.246, "discount_SSP2_2035": 0.030974157, "price_future_SSP2_2035": 14658.692, "verdict_SSP2_2035": "Buy", "discount_SSP2_2045": 0.051623594, "price_future_SSP2_2045": 14346.323, "verdict_SSP2_2045": "Caution", "discount_SSP5_2035": 0.056316651, "price_future_SSP5_2035": 14275.33, "verdict_SSP5_2035": "Caution", "discount_SSP5_2045": 0.093861081, "price_future_SSP5_2045": 13707.386, "verdict_SSP5_2045": "Avoid" }, "geometry": { "type": "Polygon", "coordinates": [ [ [ 2.324375, 48.847625 ], [ 2.324375, 48.8530625 ], [ 2.31375, 48.8530625 ], [ 2.31375, 48.847625 ], [ 2.324375, 48.847625 ] ] ] } },
{ "type": "Feature", "properties": { "zone_id": "750607", "price_m2": 14353.0, "heat_score": 54.6, "flood_score": 99.8, "elevation": 32.4, "dist_seine": 0.09, "n_sales": 300, "risk": 81.72, "risk_score": 81.712799, "cluster": 3, "cluster_name": "flood-exposed, expensive", "price_baseline": 14302.729, "discount_SSP2_2035": 0.040447839, "price_future_SSP2_2035": 13724.214, "verdict_SSP2_2035": "Caution", "discount_SSP2_2045": 0.067413062, "price_future_SSP2_2045": 13338.537, "verdict_SSP2_2045": "Caution", "discount_SSP5_2035": 0.073541522, "price_future_SSP5_2035": 13250.884, "verdict_SSP5_2035": "Caution", "discount_SSP5_2045": 0.1225692, "price_future_SSP5_2045": 12549.654, "verdict_SSP5_2045": "Avoid" }, "geometry": { "type": "Polygon", "coordinates": [ [ [ 2.324375, 48.8530625 ], [ 2.324375, 48.8585 ], [ 2.31375, 48.8585 ], [ 2.31375, 48.8530625 ], [ 2.324375, 48.8530625 ] ] ] } },
{ "type": "Feature", "properties": { "zone_id": "750608", "price_m2": 14369.0, "heat_score": 77.8, "flood_score": 56.6, "elevation": 43.2, "dist_seine": 0.69, "n_sales": 237, "risk": 65.08, "risk_score": 65.082108, "cluster": 3, "cluster_name": "flood-exposed, expensive", "price_baseline": 14370.725, "discount_SSP2_2035": 0.032215647, "price_future_SSP2_2035": 13907.763, "verdict_SSP2_2035": "Buy", "discount_SSP2_2045": 0.053692743, "price_future_SSP2_2045": 13599.121, "verdict_SSP2_2045": "Caution", "discount_SSP5_2035": 0.058573905, "price_future_SSP5_2035": 13528.976, "verdict_SSP5_2035": "Caution", "discount_SSP5_2045": 0.097623169, "price_future_SSP5_2045": 12967.809, "verdict_SSP5_2045": "Avoid" }, "geometry": { "type": "Polygon", "coordinates": [ [ [ 2.324375, 48.8585 ], [ 2.324375, 48.8639375 ], [ 2.31375, 48.8639375 ], [ 2.31375, 48.8585 ], [ 2.324375, 48.8585 ] ] ] } },
{ "type": "Feature", "properties": { "zone_id": "750609", "price_m2": 14656.0, "heat_score": 60.5, "flood_score": 34.2, "elevation": 41.6, "dist_seine": 1.29, "n_sales": 360, "risk": 44.72, "risk_score": 44.714321, "cluster": 0, "cluster_name": "expensive", "price_baseline": 14565.812, "discount_SSP2_2035": 0.022133589, "price_future_SSP2_2035": 14243.419, "verdict_SSP2_2035": "Buy", "discount_SSP2_2045": 0.036889315, "price_future_SSP2_2045": 14028.489, "verdict_SSP2_2045": "Buy", "discount_SSP5_2035": 0.040242892, "price_future_SSP5_2035": 13979.642, "verdict_SSP5_2035": "Caution", "discount_SSP5_2045": 0.067071483, "price_future_SSP5_2045": 13588.861, "verdict_SSP5_2045": "Caution" }, "geometry": { "type": "Polygon", "coordinates": [ [ [ 2.324375, 48.8639375 ], [ 2.324375, 48.869375 ], [ 2.31375, 48.869375 ], [ 2.31375, 48.8639375 ], [ 2.324375, 48.8639375 ] ] ] } },
{ "type": "Feature", "properties": { "zone_id": "750610", "price_m2": 13868.0, "heat_score": 85.8, "flood_score": 22.5, "elevation": 53.3, "dist_seine": 1.9, "n_sales": 255, "risk": 47.82, "risk_score": 47.816391, "cluster": 0, "cluster_name": "expensive", "price_baseline": 13854.398, "discount_SSP2_2035": 0.023669114, "price_future_SSP2_2035": 13526.477, "verdict_SSP2_2035": "Buy", "discount_SSP2_2045": 0.039448522, "price_future_SSP2_2045": 13307.863, "verdict_SSP2_2045": "Buy", "discount_SSP5_2035": 0.043034755, "price_future_SSP5_2035": 13258.178, "verdict_SSP5_2035": "Caution", "discount_SSP5_2045": 0.071724586, "price_future_SSP5_2045": 12860.697, "verdict_SSP5_2045": "Caution" }, "geometry": { "type": "Polygon", "coordinates": [ [ [ 2.324375, 48.869375 ], [ 2.324375, 48.8748125 ], [ 2.31375, 48.8748125 ], [ 2.31375, 48.869375 ], [ 2.324375, 48.869375 ] ] ] } },
{ "type": "Feature", "properties": { "zone_id": "750611", "price_m2": 12351.0, "heat_score": 65.8, "flood_score": 7.0, "elevation": 54.6, "dist_seine": 2.5, "n_sales": 252, "risk": 30.52, "risk_score": 30.526133, "cluster": 0, "cluster_name": "expensive", "price_baseline": 12241.179, "discount_SSP2_2035": 0.015110436, "price_future_SSP2_2035": 12056.209, "verdict_SSP2_2035": "Buy", "discount_SSP2_2045": 0.02518406, "price_future_SSP2_2045": 11932.896, "verdict_SSP2_2045": "Buy", "discount_SSP5_2035": 0.027473519, "price_future_SSP5_2035": 11904.87, "verdict_SSP5_2035": "Buy", "discount_SSP5_2045": 0.045789197, "price_future_SSP5_2045": 11680.665, "verdict_SSP5_2045": "Caution" }, "geometry": { "type": "Polygon", "coordinates": [ [ [ 2.324375, 48.8748125 ], [ 2.324375, 48.88025 ], [ 2.31375, 48.88025 ], [ 2.31375, 48.8748125 ], [ 2.324375, 48.8748125 ] ] ] } },
{ "type": "Feature", "properties": { "zone_id": "750612", "price_m2": 12543.0, "heat_score": 47.6, "flood_score": 5.9, "elevation": 58.3, "dist_seine": 3.1, "n_sales": 313, "risk": 22.58, "risk_score": 22.572969, "cluster": 1, "cluster_name": "affordable", "price_baseline": 12528.779, "discount_SSP2_2035": 0.011173621, "price_future_SSP2_2035": 12388.788, "verdict_SSP2_2035": "Buy", "discount_SSP2_2045": 0.0186227, "price_future_SSP2_2045": 12295.46, "verdict_SSP2_2045": "Buy", "discount_SSP5_2035": 0.020315673, "price_future_SSP5_2035": 12274.249, "verdict_SSP5_2035": "Buy", "discount_SSP5_2045": 0.033859454, "price_future_SSP5_2045": 12104.562, "verdict_SSP5_2045": "Buy" }, "geometry": { "type": "Polygon", "coordinates": [ [ [ 2.324375, 48.88025 ], [ 2.324375, 48.8856875 ], [ 2.31375, 48.8856875 ], [ 2.31375, 48.88025 ], [ 2.324375, 48.88025 ] ] ] } },
{ "type": "Feature", "properties": { "zone_id": "750613", "price_m2": 11700.0, "heat_score": 38.5, "flood_score": 2.5, "elevation": 69.0, "dist_seine": 3.71, "n_sales": 358, "risk": 16.9, "risk_score": 15.905649, "cluster": 1, "cluster_name": "affordable", "price_baseline": 11721.79, "discount_SSP2_2035": 0.0078732967, "price_future_SSP2_2035": 11629.501, "verdict_SSP2_2035": "Buy", "discount_SSP2_2045": 0.013122161, "price_future_SSP2_2045": 11567.975, "verdict_SSP2_2045": "Buy", "discount_SSP5_2035": 0.014315085, "price_future_SSP5_2035": 11553.992, "verdict_SSP5_2035": "Buy", "discount_SSP5_2045": 0.023858475, "price_future_SSP5_2045": 11442.126, "verdict_SSP5_2045": "Buy" }, "geometry": { "type": "Polygon", "coordinates": [ [ [ 2.324375, 48.8856875 ], [ 2.324375, 48.891125 ], [ 2.31375, 48.891125 ], [ 2.31375, 48.8856875 ], [ 2.324375, 48.8856875 ] ] ] } },
{ "type": "Feature", "properties": { "zone_id": "750614", "price_m2": 9978.0, "heat_score": 84.1, "flood_score": 0.0, "elevation": 73.1, "dist_seine": 4.31, "n_sales": 222, "risk": 33.64, "risk_score": 32.361767, "cluster": 2, "cluster_name": "heat-exposed, affordable", "price_baseline": 9996.1504, "discount_SSP2_2035": 0.016019076, "price_future_SSP2_2035": 9836.0215, "verdict_SSP2_2035": "Buy", "discount_SSP2_2045": 0.026698459, "price_future_SSP2_2045": 9729.2686, "verdict_SSP2_2045": "Buy", "discount_SSP5_2035": 0.029125592, "price_future_SSP5_2035": 9705.0068, "verdict_SSP5_2035": "Buy", "discount_SSP5_2045": 0.048542652, "price_future_SSP5_2045": 9510.9102, "verdict_SSP5_2045": "Caution" }, "geometry": { "type": "Polygon", "coordinates": [ [ [ 2.324375, 48.891125 ], [ 2.324375, 48.8965625 ], [ 2.31375, 48.8965625 ], [ 2.31375, 48.891125 ], [ 2.324375, 48.891125 ] ] ] } },
{ "type": "Feature", "properties": { "zone_id": "750615", "price_m2": 13306.0, "heat_score": 70.2, "flood_score": 9.5, "elevation": 73.3, "dist_seine": 4.92, "n_sales": 317, "risk": 33.78, "risk_score": 31.688656, "cluster": 2, "cluster_name": "heat-exposed, affordable", "price_baseline": 13295.483, "discount_SSP2_2035": 0.015685886, "price_future_SSP2_2035": 13086.932, "verdict_SSP2_2035": "Buy", "discount_SSP2_2045": 0.026143141, "price_future_SSP2_2045": 12947.897, "verdict_SSP2_2045": "Buy", "discount_SSP5_2035": 0.028519791, "price_future_SSP5_2035": 12916.299, "verdict_SSP5_2035": "Buy", "discount_SSP5_2045": 0.047532983, "price_future_SSP5_2045": 12663.51, "verdict_SSP5_2045": "Caution" }, "geometry": { "type": "Polygon", "coordinates": [ [ [ 2.324375, 48.8965625 ], [ 2.324375, 48.902 ], [ 2.31375, 48.902 ], [ 2.31375, 48.8965625 ], [ 2.324375, 48.8965625 ] ] ] } },
{ "type": "Feature", "properties": { "zone_id": "750700", "price_m2": 11930.0, "heat_score": 64.6, "flood_score": 12.4, "elevation": 67.8, "dist_seine": 4.14, "n_sales": 258, "risk": 33.28, "risk_score": 33.285789, "cluster": 2, "cluster_name": "heat-exposed, affordable", "price_baseline": 11979.603, "discount_SSP2_2035": 0.016476467, "price_future_SSP2_2035": 11782.221, "verdict_SSP2_2035": "Buy", "discount_SSP2_2045": 0.027460778, "price_future_SSP2_2045": 11650.634, "verdict_SSP2_2045": "Buy", "discount_SSP5_2035": 0.029957214, "price_future_SSP5_2035": 11620.727, "verdict_SSP5_2035": "Buy", "discount_SSP5_2045": 0.049928688, "price_future_SSP5_2045": 11381.477, "verdict_SSP5_2045": "Caution" }, "geometry": { "type": "Polygon", "coordinates": [ [ [ 2.335, 48.815 ], [ 2.335, 48.8204375 ], [ 2.324375, 48.8204375 ], [ 2.324375, 48.815 ], [ 2.335, 48.815 ] ] ] } },
{ "type": "Feature", "properties": { "zone_id": "750701", "price_m2": 12993.0, "heat_score": 55.9, "flood_score": 21.2, "elevation": 61.8, "dist_seine": 3.53, "n_sales": 141, "risk": 35.08, "risk_score": 35.076946, "cluster": 2, "cluster_name": "heat-exposed, affordable", "price_baseline": 12841.851, "discount_SSP2_2035": 0.01736309, "price_future_SSP2_2035": 12618.877, "verdict_SSP2_2035": "Buy", "discount_SSP2_2045": 0.028938483, "price_future_SSP2_2045": 12470.227, "verdict_SSP2_2045": "Buy", "discount_SSP5_2035": 0.031569254, "price_future_SSP5_2035": 12436.443, "verdict_SSP5_2035": "Buy", "discount_SSP5_2045": 0.052615423, "price_future_SSP5_2045": 12166.172, "verdict_SSP5_2045": "Caution" }, "geometry": { "type": "Polygon", "coordinates": [ [ [ 2.335, 48.8204375 ], [ 2.335, 48.825875 ], [ 2.324375, 48.825875 ], [ 2.324375, 48.8204375 ], [ 2.335, 48.8204375 ] ] ] } },
{ "type": "Feature", "properties": { "zone_id": "750702", "price_m2": 13137.0, "heat_score": 57.9, "flood_score": 8.8, "elevation": 52.6, "dist_seine": 2.93, "n_sales": 296, "risk": 28.44, "risk_score": 28.443672, "cluster": 0, "cluster_name": "expensive", "price_baseline": 13126.503, "discount_SSP2_2035": 0.01407962, "price_future_SSP2_2035": 12941.687, "verdict_SSP2_2035": "Buy", "discount_SSP2_2045": 0.023466032, "price_future_SSP2_2045": 12818.476, "verdict_SSP2_2045": "Buy", "discount_SSP5_2035": 0.025599308, "price_future_SSP5_2035": 12790.474, "verdict_SSP5_2035": "Buy", "discount_SSP5_2045": 0.042665511, "price_future_SSP5_2045": 12566.454, "verdict_SSP5_2045": "Caution" }, "geometry": { "type": "Polygon", "coordinates": [ [ [ 2.335, 48.825875 ], [ 2.335, 48.8313125 ], [ 2.324375, 48.8313125 ], [ 2.324375, 48.825875 ], [ 2.335, 48.825875 ] ] ] } },
{ "type": "Feature", "properties": { "zone_id": "750703", "price_m2": 12534.0, "heat_score": 51.0, "flood_score": 7.2, "elevation": 49.6, "dist_seine": 2.33, "n_sales": 112, "risk": 24.72, "risk_score": 24.705458, "cluster": 0, "cluster_name": "expensive", "price_baseline": 12504.899, "discount_SSP2_2035": 0.012229203, "price_future_SSP2_2035": 12351.975, "verdict_SSP2_2035": "Buy", "discount_SSP2_2045": 0.020382004, "price_future_SSP2_2045": 12250.024, "verdict_SSP2_2045": "Buy", "discount_SSP5_2035": 0.022234915, "price_future_SSP5_2035": 12226.854, "verdict_SSP5_2035": "Buy", "discount_SSP5_2045": 0.03705819, "price_future_SSP5_2045": 12041.49, "verdict_SSP5_2045": "Buy" }, "geometry": { "type": "Polygon", "coordinates": [ [ [ 2.335, 48.8313125 ], [ 2.335, 48.83675 ], [ 2.324375, 48.83675 ], [ 2.324375, 48.8313125 ], [ 2.335, 48.8313125 ] ] ] } },
{ "type": "Feature", "properties": { "zone_id": "750704", "price_m2": 11560.0, "heat_score": 46.1, "flood_score": 20.8, "elevation": 49.0, "dist_seine": 1.72, "n_sales": 355, "risk": 30.92, "risk_score": 30.902576, "cluster": 0, "cluster_name": "expensive", "price_baseline": 11476.706, "discount_SSP2_2035": 0.015296776, "price_future_SSP2_2035": 11301.149, "verdict_SSP2_2035": "Buy", "discount_SSP2_2045": 0.025494626, "price_future_SSP2_2045": 11184.111, "verdict_SSP2_2045": "Buy", "discount_SSP5_2035": 0.027812321, "price_future_SSP5_2035": 11157.513, "verdict_SSP5_2035": "Buy", "discount_SSP5_2045": 0.046353865, "price_future_SSP5_2045": 10944.716, "verdict_SSP5_2045": "Caution" }, "geometry": { "type": "Polygon", "coordinates": [ [ [ 2.335, 48.83675 ], [ 2.335, 48.8421875 ], [ 2.324375, 48.8421875 ], [ 2.324375, 48.83675 ], [ 2.335, 48.83675 ] ] ] } },
{ "type": "Feature", "properties": { "zone_id": "750705", "price_m2": 12625.0, "heat_score": 62.1, "flood_score": 39.2, "elevation": 46.8, "dist_seine": 1.12, "n_sales": 62, "risk": 48.36, "risk_score": 48.364864, "cluster": 0, "cluster_name": "expensive", "price_baseline": 12625.902, "discount_SSP2_2035": 0.023940612, "price_future_SSP2_2035": 12323.631, "verdict_SSP2_2035": "Buy", "discount_SSP2_2045": 0.039901018, "price_future_SSP2_2045": 12122.116, "verdict_SSP2_2045": "Buy", "discount_SSP5_2035": 0.043528382, "price_future_SSP5_2035": 12076.317, "verdict_SSP5_2035": "Caution", "discount_SSP5_2045": 0.072547302, "price_future_SSP5_2045": 11709.927, "verdict_SSP5_2045": "Caution" }, "geometry": { "type": "Polygon", "coordinates": [ [ [ 2.335, 48.8421875 ], [ 2.335, 48.847625 ], [ 2.324375, 48.847625 ], [ 2.324375, 48.8421875 ], [ 2.335, 48.8421875 ] ] ] } },
{ "type": "Feature", "properties": { "zone_id": "750706", "price_m2": 12454.0, "heat_score": 81.5, "flood_score": 59.1, "elevation": 31.6, "dist_seine": 0.52, "n_sales": 302, "risk": 68.06, "risk_score": 69.781609, "cluster": 3, "cluster_name": "flood-exposed, expensive", "price_baseline": 12438.068, "discount_SSP2_2035": 0.034541901, "price_future_SSP2_2035": 12008.434, "verdict_SSP2_2035": "Buy", "discount_SSP2_2045": 0.057569832, "price_future_SSP2_2045": 11722.011, "verdict_SSP2_2045": "Caution", "discount_SSP5_2035": 0.062803455, "price_future_SSP5_2035": 11656.915, "verdict_SSP5_2035": "Caution", "discount_SSP5_2045": 0.10467242, "price_future_SSP5_2045": 11136.146, "verdict_SSP5_2045": "Avoid" }, "geometry": { "type": "Polygon", "coordinates": [ [ [ 2.335, 48.847625 ], [ 2.335, 48.8530625 ], [ 2.324375, 48.8530625 ], [ 2.324375, 48.847625 ], [ 2.335, 48.847625 ] ] ] } },
{ "type": "Feature", "properties": { "zone_id": "750707", "price_m2": 13574.0, "heat_score": 62.2, "flood_score": 90.2, "elevation": 33.7, "dist_seine": 0.09, "n_sales": 254, "risk": 79.0, "risk_score": 79.005653, "cluster": 3, "cluster_name": "flood-exposed, expensive", "price_baseline": 13539.166, "discount_SSP2_2035": 0.039107803, "price_future_SSP2_2035": 13009.679, "verdict_SSP2_2035": "Buy", "discount_SSP2_2045": 0.065179668, "price_future_SSP2_2045": 12656.688, "verdict_SSP2_2045": "Caution", "discount_SSP5_2035": 0.071105093, "price_future_SSP5_2035": 12576.462, "verdict_SSP5_2035": "Caution", "discount_SSP5_2045": 0.11850848, "price_future_SSP5_2045": 11934.66, "verdict_SSP5_2045": "Avoid" }, "geometry": { "type": "Polygon", "coordinates": [ [ [ 2.335, 48.8530625 ], [ 2.335, 48.8585 ], [ 2.324375, 48.8585 ], [ 2.324375, 48.8530625 ], [ 2.335, 48.8530625 ] ] ] } },
{ "type": "Feature", "properties": { "zone_id": "750708", "price_m2": 14153.0, "heat_score": 81.3, "flood_score": 58.7, "elevation": 45.3, "dist_seine": 0.69, "n_sales": 175, "risk": 67.74, "risk_score": 67.737534, "cluster": 3, "cluster_name": "flood-exposed, expensive", "price_baseline": 14170.137, "discount_SSP2_2035": 0.033530083, "price_future_SSP2_2035": 13695.012, "verdict_SSP2_2035": "Buy", "discount_SSP2_2045": 0.055883467, "price_future_SSP2_2045": 13378.261, "verdict_SSP2_2045": "Caution", "discount_SSP5_2035": 0.060963783, "price_future_SSP5_2035": 13306.271, "verdict_SSP5_2035": "Caution", "discount_SSP5_2045": 0.1016063, "price_future_SSP5_2045": 12730.361, "verdict_SSP5_2045": "Avoid" }, "geometry": { "type": "Polygon", "coordinates": [ [ [ 2.335, 48.8585 ], [ 2.335, 48.8639375 ], [ 2.324375, 48.8639375 ], [ 2.324375, 48.8585 ], [ 2.335, 48.8585 ] ] ] } },
{ "type": "Feature", "properties": { "zone_id": "750709", "price_m2": 15050.0, "heat_score": 69.7, "flood_score": 32.9, "elevation": 46.5, "dist_seine": 1.29, "n_sales": 65, "risk": 47.62, "risk_score": 47.622002, "cluster": 0, "cluster_name": "expensive", "price_baseline": 14895.206, "discount_SSP2_2035": 0.023572894, "price_future_SSP2_2035": 14544.083, "verdict_SSP2_2035": "Buy", "discount_SSP2_2045": 0.039288156, "price_future_SSP2_2045": 14310.001, "verdict_SSP2_2045": "Buy", "discount_SSP5_2035": 0.042859808, "price_future_SSP5_2035": 14256.801, "verdict_SSP5_2035": "Caution", "discount_SSP5_2045": 0.071433008, "price_future_SSP5_2045": 13831.196, "verdict_SSP5_2045": "Caution" }, "geometry": { "type": "Polygon", "coordinates": [ [ [ 2.335, 48.8639375 ], [ 2.335, 48.869375 ], [ 2.324375, 48.869375 ], [ 2.324375, 48.8639375 ], [ 2.335, 48.8639375 ] ] ] } },
{ "type": "Feature", "properties": { "zone_id": "750710", "price_m2": 12495.0, "heat_score": 58.5, "flood_score": 17.5, "elevation": 54.3, "dist_seine": 1.9, "n_sales": 132, "risk": 33.9, "risk_score": 33.872444, "cluster": 0, "cluster_name": "expensive", "price_baseline": 12514.137, "discount_SSP2_2035": 0.016766861, "price_future_SSP2_2035": 12304.314, "verdict_SSP2_2035": "Buy", "discount_SSP2_2045": 0.027944768, "price_future_SSP2_2045": 12164.433, "verdict_SSP2_2045": "Buy", "discount_SSP5_2035": 0.030485202, "price_future_SSP5_2035": 12132.641, "verdict_SSP5_2035": "Buy", "discount_SSP5_2045": 0.050808668, "price_future_SSP5_2045": 11878.311, "verdict_SSP5_2045": "Caution" }, "geometry": { "type": "Polygon", "coordinates": [ [ [ 2.335, 48.869375 ], [ 2.335, 48.8748125 ], [ 2.324375, 48.8748125 ], [ 2.324375, 48.869375 ], [ 2.335, 48.869375 ] ] ] } },
{ "type": "Feature", "properties": { "zone_id": "750711", "price_m2": 14197.0, "heat_score": 54.8, "flood_score": 8.1, "elevation": 54.5, "dist_seine": 2.5, "n_sales": 81, "risk": 26.78, "risk_score": 26.785789, "cluster": 0, "cluster_name": "expensive", "price_baseline": 14045.099, "discount_SSP2_2035": 0.013258968, "price_future_SSP2_2035": 13858.875, "verdict_SSP2_2035": "Buy", "discount_SSP2_2045": 0.022098279, "price_future_SSP2_2045": 13734.726, "verdict_SSP2_2045": "Buy", "discount_SSP5_2035": 0.024107212, "price_future_SSP5_2035": 13706.511, "verdict_SSP5_2035": "Buy", "discount_SSP5_2045": 0.040178686, "price_future_SSP5_2045": 13480.785, "verdict_SSP5_2045": "Caution" }, "geometry": { "type": "Polygon", "coordinates": [ [ [ 2.335, 48.8748125 ], [ 2.335, 48.88025 ], [ 2.324375, 48.88025 ], [ 2.324375, 48.8748125 ], [ 2.335, 48.8748125 ] ] ] } },
{ "type": "Feature", "properties": { "zone_id": "750712", "price_m2": 13741.0, "heat_score": 62.2, "flood_score": 6.4, "elevation": 64.8, "dist_seine": 3.1, "n_sales": 161, "risk": 28.72, "risk_score": 28.710064, "cluster": 2, "cluster_name": "heat-exposed, affordable", "price_baseline": 13559.264, "discount_SSP2_2035": 0.014211482, "price_future_SSP2_2035": 13366.566, "verdict_SSP2_2035": "Buy", "discount_SSP2_2045": 0.023685804, "price_future_SSP2_2045": 13238.102, "verdict_SSP2_2045": "Buy", "discount_SSP5_2035": 0.025839059, "price_future_SSP5_2035": 13208.905, "verdict_SSP5_2035": "Buy", "discount_SSP5_2045": 0.043065097, "price_future_SSP5_2045": 12975.333, "verdict_SSP5_2045": "Caution" }, "geometry": { "type": "Polygon", "coordinates": [ [ [ 2.335, 48.88025 ], [ 2.335, 48.8856875 ], [ 2.324375, 48.8856875 ], [ 2.324375, 48.88025 ], [ 2.335, 48.88025 ] ] ] } },
{ "type": "Feature", "properties": { "zone_id": "750713", "price_m2": 13542.0, "heat_score": 68.2, "flood_score": 0.0, "elevation": 67.3, "dist_seine": 3.71, "n_sales": 230, "risk": 27.28, "risk_score": 27.066322, "cluster": 2, "cluster_name": "heat-exposed, affordable", "price_baseline": 13478.953, "discount_SSP2_2035": 0.013397831, "price_future_SSP2_2035": 13298.364, "verdict_SSP2_2035": "Buy", "discount_SSP2_2045": 0.022329718, "price_future_SSP2_2045": 13177.973, "verdict_SSP2_2045": "Buy", "discount_SSP5_2035": 0.024359694, "price_future_SSP5_2035": 13150.609, "verdict_SSP5_2035": "Buy", "discount_SSP5_2045": 0.040599488, "price_future_SSP5_2045": 12931.715, "verdict_SSP5_2045": "Caution" }, "geometry": { "type": "Polygon", "coordinates": [ [ [ 2.335, 48.8856875 ], [ 2.335, 48.891125 ], [ 2.324375, 48.891125 ], [ 2.324375, 48.8856875 ], [ 2.335, 48.8856875 ] ] ] } },
{ "type": "Feature", "properties": { "zone_id": "750714", "price_m2": 9454.0, "heat_score": 57.8, "flood_score": 8.8, "elevation": 70.6, "dist_seine": 4.31, "n_sales": 160, "risk": 28.4, "risk_score": 28.603611, "cluster": 1, "cluster_name": "affordable", "price_baseline": 9557.7998, "discount_SSP2_2035": 0.014158788, "price_future_SSP2_2035": 9422.4727, "verdict_SSP2_2035": "Buy", "discount_SSP2_2045": 0.02359798, "price_future_SSP2_2045": 9332.2549, "verdict_SSP2_2045": "Buy", "discount_SSP5_2035": 0.025743252, "price_future_SSP5_2035": 9311.751, "verdict_SSP5_2035": "Buy", "discount_SSP5_2045": 0.042905416, "price_future_SSP5_2045": 9147.7188, "verdict_SSP5_2045": "Caution" }, "geometry": { "type": "Polygon", "coordinates": [ [ [ 2.335, 48.891125 ], [ 2.335, 48.8965625 ], [ 2.324375, 48.8965625 ], [ 2.324375, 48.891125 ], [ 2.335, 48.891125 ] ] ] } },
{ "type": "Feature", "properties": { "zone_id": "750715", "price_m2": 14394.0, "heat_score": 41.1, "flood_score": 3.9, "elevation": 72.9, "dist_seine": 4.92, "n_sales": 198, "risk": 18.78, "risk_score": 18.782742, "cluster": 1, "cluster_name": "affordable", "price_baseline": 14327.762, "discount_SSP2_2035": 0.0092974575, "price_future_SSP2_2035": 14194.551, "verdict_SSP2_2035": "Buy", "discount_SSP2_2045": 0.015495761, "price_future_SSP2_2045": 14105.742, "verdict_SSP2_2045": "Buy", "discount_SSP5_2035": 0.016904468, "price_future_SSP5_2035": 14085.559, "verdict_SSP5_2035": "Buy", "discount_SSP5_2045": 0.028174112, "price_future_SSP5_2045": 13924.09, "verdict_SSP5_2045": "Buy" }, "geometry": { "type": "Polygon", "coordinates": [ [ [ 2.335, 48.8965625 ], [ 2.335, 48.902 ], [ 2.324375, 48.902 ], [ 2.324375, 48.8965625 ], [ 2.335, 48.8965625 ] ] ] } },
{ "type": "Feature", "properties": { "zone_id": "750800", "price_m2": 11801.0, "heat_score": 53.5, "flood_score": 3.2, "elevation": 67.8, "dist_seine": 4.14, "n_sales": 230, "risk": 23.32, "risk_score": 23.316761, "cluster": 1, "cluster_name": "affordable", "price_baseline": 11702.102, "discount_SSP2_2035": 0.011541797, "price_future_SSP2_2035": 11567.038, "verdict_SSP2_2035": "Buy", "discount_SSP2_2045": 0.019236328, "price_future_SSP2_2045": 11476.996, "verdict_SSP2_2045": "Buy", "discount_SSP5_2035": 0.020985086, "price_future_SSP5_2035": 11456.532, "verdict_SSP5_2035": "Buy", "discount_SSP5_2045": 0.034975141, "price_future_SSP5_2045": 11292.818, "verdict_SSP5_2045": "Buy" }, "geometry": { "type": "Polygon", "coordinates": [ [ [ 2.345625, 48.815 ], [ 2.345625, 48.8204375 ], [ 2.335, 48.8204375 ], [ 2.335, 48.815 ], [ 2.345625, 48.815 ] ] ] } },
{ "type": "Feature", "properties": { "zone_id": "750801", "price_m2": 12397.0, "heat_score": 70.9, "flood_score": 4.0, "elevation": 63.0, "dist_seine": 3.53, "n_sales": 397, "risk": 30.76, "risk_score": 31.002211, "cluster": 2, "cluster_name": "heat-exposed, affordable", "price_baseline": 12302.886, "discount_SSP2_2035": 0.015346096, "price_future_SSP2_2035": 12114.084, "verdict_SSP2_2035": "Buy", "discount_SSP2_2045": 0.025576826, "price_future_SSP2_2045": 11988.217, "verdict_SSP2_2045": "Buy", "discount_SSP5_2035": 0.027901994, "price_future_SSP5_2035": 11959.61, "verdict_SSP5_2035": "Buy", "discount_SSP5_2045": 0.04650332, "price_future_SSP5_2045": 11730.761, "verdict_SSP5_2045": "Caution" }, "geometry": { "type": "Polygon", "coordinates": [ [ [ 2.345625, 48.8204375 ], [ 2.345625, 48.825875 ], [ 2.335, 48.825875 ], [ 2.335, 48.8204375 ], [ 2.345625, 48.8204375 ] ] ] } },
{ "type": "Feature", "properties": { "zone_id": "750802", "price_m2": 12958.0, "heat_score": 80.1, "flood_score": 11.8, "elevation": 54.2, "dist_seine": 2.93, "n_sales": 253, "risk": 39.12, "risk_score": 39.11858, "cluster": 2, "cluster_name": "heat-exposed, affordable", "price_baseline": 12906.374, "discount_SSP2_2035": 0.019363699, "price_future_SSP2_2035": 12656.459, "verdict_SSP2_2035": "Buy", "discount_SSP2_2045": 0.032272831, "price_future_SSP2_2045": 12489.849, "verdict_SSP2_2045": "Buy", "discount_SSP5_2035": 0.035206724, "price_future_SSP5_2035": 12451.982, "verdict_SSP5_2035": "Buy", "discount_SSP5_2045": 0.058677871, "price_future_SSP5_2045": 12149.056, "verdict_SSP5_2045": "Caution" }, "geometry": { "type": "Polygon", "coordinates": [ [ [ 2.345625, 48.825875 ], [ 2.345625, 48.8313125 ], [ 2.335, 48.8313125 ], [ 2.335, 48.825875 ], [ 2.345625, 48.825875 ] ] ] } },
{ "type": "Feature", "properties": { "zone_id": "750803", "price_m2": 13219.0, "heat_score": 59.1, "flood_score": 6.7, "elevation": 49.4, "dist_seine": 2.33, "n_sales": 381, "risk": 27.66, "risk_score": 27.664188, "cluster": 0, "cluster_name": "expensive", "price_baseline": 13096.382, "discount_SSP2_2035": 0.013693775, "price_future_SSP2_2035": 12917.043, "verdict_SSP2_2035": "Buy", "discount_SSP2_2045": 0.022822957, "price_future_SSP2_2045": 12797.483, "verdict_SSP2_2045": "Buy", "discount_SSP5_2035": 0.024897771, "price_future_SSP5_2035": 12770.312, "verdict_SSP5_2035": "Buy", "discount_SSP5_2045": 0.041496284, "price_future_SSP5_2045": 12552.931, "verdict_SSP5_2045": "Caution" }, "geometry": { "type": "Polygon", "coordinates": [ [ [ 2.345625, 48.8313125 ], [ 2.345625, 48.83675 ], [ 2.335, 48.83675 ], [ 2.335, 48.8313125 ], [ 2.345625, 48.8313125 ] ] ] } },
{ "type": "Feature", "properties": { "zone_id": "750804", "price_m2": 13185.0, "heat_score": 76.7, "flood_score": 22.3, "elevation": 52.7, "dist_seine": 1.72, "n_sales": 359, "risk": 44.06, "risk_score": 44.062393, "cluster": 0, "cluster_name": "expensive", "price_baseline": 13223.425, "discount_SSP2_2035": 0.021810886, "price_future_SSP2_2035": 12935.01, "verdict_SSP2_2035": "Buy", "discount_SSP2_2045": 0.036351476, "price_future_SSP2_2045": 12742.733, "verdict_SSP2_2045": "Buy", "discount_SSP5_2035": 0.039656159, "price_future_SSP5_2035": 12699.034, "verdict_SSP5_2035": "Buy", "discount_SSP5_2045": 0.066093594, "price_future_SSP5_2045": 12349.441, "verdict_SSP5_2045": "Caution" }, "geometry": { "type": "Polygon", "coordinates": [ [ [ 2.345625, 48.83675 ], [ 2.345625, 48.8421875 ], [ 2.335, 48.8421875 ], [ 2.335, 48.83675 ], [ 2.345625, 48.83675 ] ] ] } },
{ "type": "Feature", "properties": { "zone_id": "750805", "price_m2": 13273.0, "heat_score": 65.0, "flood_score": 43.1, "elevation": 41.8, "dist_seine": 1.12, "n_sales": 233, "risk": 51.86, "risk_score": 51.855179, "cluster": 0, "cluster_name": "expensive", "price_baseline": 13223.129, "discount_SSP2_2035": 0.025668314, "price_future_SSP2_2035": 12883.713, "verdict_SSP2_2035": "Buy", "discount_SSP2_2045": 0.042780522, "price_future_SSP2_2045": 12657.437, "verdict_SSP2_2045": "Caution", "discount_SSP5_2035": 0.046669662, "price_future_SSP5_2035": 12606.01, "verdict_SSP5_2035": "Caution", "discount_SSP5_2045": 0.077782765, "price_future_SSP5_2045": 12194.598, "verdict_SSP5_2045": "Caution" }, "geometry": { "type": "Polygon", "coordinates": [ [ [ 2.345625, 48.8421875 ], [ 2.345625, 48.847625 ], [ 2.335, 48.847625 ], [ 2.335, 48.8421875 ], [ 2.345625, 48.8421875 ] ] ] } },
{ "type": "Feature", "properties": { "zone_id": "750806", "price_m2": 14349.0, "heat_score": 65.3, "flood_score": 68.2, "elevation": 41.4, "dist_seine": 0.52, "n_sales": 357, "risk": 67.04, "risk_score": 67.041153, "cluster": 3, "cluster_name": "flood-exposed, expensive", "price_baseline": 14340.536, "discount_SSP2_2035": 0.033185374, "price_future_SSP2_2035": 13864.641, "verdict_SSP2_2035": "Buy", "discount_SSP2_2045": 0.055308953, "price_future_SSP2_2045": 13547.376, "verdict_SSP2_2045": "Caution", "discount_SSP5_2035": 0.060337041, "price_future_SSP5_2035": 13475.271, "verdict_SSP5_2035": "Caution", "discount_SSP5_2045": 0.10056173, "price_future_SSP5_2045": 12898.427, "verdict_SSP5_2045": "Avoid" }, "geometry": { "type": "Polygon", "coordinates": [ [ [ 2.345625, 48.847625 ], [ 2.345625, 48.8530625 ], [ 2.335, 48.8530625 ], [ 2.335, 48.847625 ], [ 2.345625, 48.847625 ] ] ] } },
{ "type": "Feature", "properties": { "zone_id": "750807", "price_m2": 14124.0, "heat_score": 54.6, "flood_score": 100.0, "elevation": 35.9, "dist_seine": 0.09, "n_sales": 144, "risk": 81.84, "risk_score": 90.172371, "cluster": 3, "cluster_name": "flood-exposed, expensive", "price_baseline": 14120.009, "discount_SSP2_2035": 0.044635326, "price_future_SSP2_2035": 13489.758, "verdict_SSP2_2035": "Caution", "discount_SSP2_2045": 0.074392207, "price_future_SSP2_2045": 13069.59, "verdict_SSP2_2045": "Caution", "discount_SSP5_2035": 0.081155136, "price_future_SSP5_2035": 12974.098, "verdict_SSP5_2035": "Avoid", "discount_SSP5_2045": 0.13525856, "price_future_SSP5_2045": 12210.157, "verdict_SSP5_2045": "Avoid" }, "geometry": { "type": "Polygon", "coordinates": [ [ [ 2.345625, 48.8530625 ], [ 2.345625, 48.8585 ], [ 2.335, 48.8585 ], [ 2.335, 48.8530625 ], [ 2.345625, 48.8530625 ] ] ] } },
{ "type": "Feature", "properties": { "zone_id": "750808", "price_m2": 12836.0, "heat_score": 52.3, "flood_score": 54.6, "elevation": 42.4, "dist_seine": 0.69, "n_sales": 312, "risk": 53.68, "risk_score": 53.681202, "cluster": 3, "cluster_name": "flood-exposed, expensive", "price_baseline": 12825.922, "discount_SSP2_2035": 0.0265722, "price_future_SSP2_2035": 12485.108, "verdict_SSP2_2035": "Buy", "discount_SSP2_2045": 0.044286996, "price_future_SSP2_2045": 12257.9, "verdict_SSP2_2045": "Caution", "discount_SSP5_2035": 0.048313085, "price_future_SSP5_2035": 12206.262, "verdict_SSP5_2035": "Caution", "discount_SSP5_2045": 0.080521807, "price_future_SSP5_2045": 11793.155, "verdict_SSP5_2045": "Avoid" }, "geometry": { "type": "Polygon", "coordinates": [ [ [ 2.345625, 48.8585 ], [ 2.345625, 48.8639375 ], [ 2.335, 48.8639375 ], [ 2.335, 48.8585 ], [ 2.345625, 48.8585 ] ] ] } },
{ "type": "Feature", "properties": { "zone_id": "750809", "price_m2": 14121.0, "heat_score": 67.9, "flood_score": 23.1, "elevation": 46.0, "dist_seine": 1.29, "n_sales": 382, "risk": 41.02, "risk_score": 41.017647, "cluster": 0, "cluster_name": "expensive", "price_baseline": 14177.788, "discount_SSP2_2035": 0.020303736, "price_future_SSP2_2035": 13889.926, "verdict_SSP2_2035": "Buy", "discount_SSP2_2045": 0.033839557, "price_future_SSP2_2045": 13698.018, "verdict_SSP2_2045": "Buy", "discount_SSP5_2035": 0.036915883, "price_future_SSP5_2035": 13654.402, "verdict_SSP5_2035": "Buy", "discount_SSP5_2045": 0.06152647, "price_future_SSP5_2045": 13305.479, "verdict_SSP5_2045": "Caution" }, "geometry": { "type": "Polygon", "coordinates": [ [ [ 2.345625, 48.8639375 ], [ 2.345625, 48.869375 ], [ 2.335, 48.869375 ], [ 2.335, 48.8639375 ], [ 2.345625, 48.8639375 ] ] ] } },
{ "type": "Feature", "properties": { "zone_id": "750810", "price_m2": 14818.0, "heat_score": 74.6, "flood_score": 23.0, "elevation": 52.6, "dist_seine": 1.9, "n_sales": 144, "risk": 43.64, "risk_score": 44.800209, "cluster": 0, "cluster_name": "expensive", "price_baseline": 14708.769, "discount_SSP2_2035": 0.022176107, "price_future_SSP2_2035": 14382.586, "verdict_SSP2_2035": "Buy", "discount_SSP2_2045": 0.036960177, "price_future_SSP2_2045": 14165.13, "verdict_SSP2_2045": "Buy", "discount_SSP5_2035": 0.040320192, "price_future_SSP5_2035": 14115.708, "verdict_SSP5_2035": "Caution", "discount_SSP5_2045": 0.067200318, "price_future_SSP5_2045": 13720.335, "verdict_SSP5_2045": "Caution" }, "geometry": { "type": "Polygon", "coordinates": [ [ [ 2.345625, 48.869375 ], [ 2.345625, 48.8748125 ], [ 2.335, 48.8748125 ], [ 2.335, 48.869375 ], [ 2.345625, 48.869375 ] ] ] } },
{ "type": "Feature", "properties": { "zone_id": "750811", "price_m2": 14334.0, "heat_score": 36.6, "flood_score": 17.3, "elevation": 53.4, "dist_seine": 2.5, "n_sales": 142, "risk": 25.02, "risk_score": 25.023403, "cluster": 0, "cluster_name": "expensive", "price_baseline": 14338.577, "discount_SSP2_2035": 0.012386587, "price_future_SSP2_2035": 14160.972, "verdict_SSP2_2035": "Buy", "discount_SSP2_2045": 0.020644311, "price_future_SSP2_2045": 14042.567, "verdict_SSP2_2045": "Buy", "discount_SSP5_2035": 0.022521066, "price_future_SSP5_2035": 14015.657, "verdict_SSP5_2035": "Buy", "discount_SSP5_2045": 0.037535109, "price_future_SSP5_2045": 13800.377, "verdict_SSP5_2045": "Buy" }, "geometry": { "type": "Polygon", "coordinates": [ [ [ 2.345625, 48.8748125 ], [ 2.345625, 48.88025 ], [ 2.335, 48.88025 ], [ 2.335, 48.8748125 ], [ 2.345625, 48.8748125 ] ] ] } },
{ "type": "Feature", "properties": { "zone_id": "750812", "price_m2": 12244.0, "heat_score": 48.9, "flood_score": 2.7, "elevation": 67.2, "dist_seine": 3.1, "n_sales": 285, "risk": 21.18, "risk_score": 21.182985, "cluster": 1, "cluster_name": "affordable", "price_baseline": 12214.175, "discount_SSP2_2035": 0.010485579, "price_future_SSP2_2035": 12086.102, "verdict_SSP2_2035": "Buy", "discount_SSP2_2045": 0.017475965, "price_future_SSP2_2045": 12000.721, "verdict_SSP2_2045": "Buy", "discount_SSP5_2035": 0.019064689, "price_future_SSP5_2035": 11981.315, "verdict_SSP5_2035": "Buy", "discount_SSP5_2045": 0.03177448, "price_future_SSP5_2045": 11826.076, "verdict_SSP5_2045": "Buy" }, "geometry": { "type": "Polygon", "coordinates": [ [ [ 2.345625, 48.88025 ], [ 2.345625, 48.8856875 ], [ 2.335, 48.8856875 ], [ 2.335, 48.88025 ], [ 2.345625, 48.88025 ] ] ] } },
{ "type": "Feature", "properties": { "zone_id": "750813", "price_m2": 12710.0, "heat_score": 57.0, "flood_score": 5.3, "elevation": 69.0, "dist_seine": 3.71, "n_sales": 111, "risk": 25.98, "risk_score": 25.984869, "cluster": 2, "cluster_name": "heat-exposed, affordable", "price_baseline": 12643.81, "discount_SSP2_2035": 0.01286251, "price_future_SSP2_2035": 12481.179, "verdict_SSP2_2035": "Buy", "discount_SSP2_2045": 0.021437516, "price_future_SSP2_2045": 12372.758, "verdict_SSP2_2045": "Buy", "discount_SSP5_2035": 0.023386382, "price_future_SSP5_2035": 12348.117, "verdict_SSP5_2035": "Buy", "discount_SSP5_2045": 0.038977303, "price_future_SSP5_2045": 12150.987, "verdict_SSP5_2045": "Buy" }, "geometry": { "type": "Polygon", "coordinates": [ [ [ 2.345625, 48.8856875 ], [ 2.345625, 48.891125 ], [ 2.335, 48.891125 ], [ 2.335, 48.8856875 ], [ 2.345625, 48.8856875 ] ] ] } },
{ "type": "Feature", "properties": { "zone_id": "750814", "price_m2": 12689.0, "heat_score": 57.1, "flood_score": 8.4, "elevation": 73.8, "dist_seine": 4.31, "n_sales": 285, "risk": 27.88, "risk_score": 27.881741, "cluster": 2, "cluster_name": "heat-exposed, affordable", "price_baseline": 12601.188, "discount_SSP2_2035": 0.013801462, "price_future_SSP2_2035": 12427.272, "verdict_SSP2_2035": "Buy", "discount_SSP2_2045": 0.023002436, "price_future_SSP2_2045": 12311.329, "verdict_SSP2_2045": "Buy", "discount_SSP5_2035": 0.025093568, "price_future_SSP5_2035": 12284.979, "verdict_SSP5_2035": "Buy", "discount_SSP5_2045": 0.041822612, "price_future_SSP5_2045": 12074.173, "verdict_SSP5_2045": "Caution" }, "geometry": { "type": "Polygon", "coordinates": [ [ [ 2.345625, 48.891125 ], [ 2.345625, 48.8965625 ], [ 2.335, 48.8965625 ], [ 2.335, 48.891125 ], [ 2.345625, 48.891125 ] ] ] } },
{ "type": "Feature", "properties": { "zone_id": "750815", "price_m2": 14924.0, "heat_score": 51.1, "flood_score": 0.0, "elevation": 78.3, "dist_seine": 4.92, "n_sales": 314, "risk": 20.44, "risk_score": 20.439018, "cluster": 2, "cluster_name": "heat-exposed, affordable", "price_baseline": 14858.158, "discount_SSP2_2035": 0.010117315, "price_future_SSP2_2035": 14707.834, "verdict_SSP2_2035": "Buy", "discount_SSP2_2045": 0.016862191, "price_future_SSP2_2045": 14607.617, "verdict_SSP2_2045": "Buy", "discount_SSP5_2035": 0.018395118, "price_future_SSP5_2035": 14584.841, "verdict_SSP5_2035": "Buy", "discount_SSP5_2045": 0.030658528, "price_future_SSP5_2045": 14402.629, "verdict_SSP5_2045": "Buy" }, "geometry": { "type": "Polygon", "coordinates": [ [ [ 2.345625, 48.8965625 ], [ 2.345625, 48.902 ], [ 2.335, 48.902 ], [ 2.335, 48.8965625 ], [ 2.345625, 48.8965625 ] ] ] } },
{ "type": "Feature", "properties": { "zone_id": "750900", "price_m2": 11579.0, "heat_score": 34.1, "flood_score": 0.2, "elevation": 68.3, "dist_seine": 4.14, "n_sales": 104, "risk": 13.76, "risk_score": 13.758158, "cluster": 1, "cluster_name": "affordable", "price_baseline": 11572.591, "discount_SSP2_2035": 0.0068102884, "price_future_SSP2_2035": 11493.778, "verdict_SSP2_2035": "Buy", "discount_SSP2_2045": 0.01135048, "price_future_SSP2_2045": 11441.236, "verdict_SSP2_2045": "Buy", "discount_SSP5_2035": 0.012382342, "price_future_SSP5_2035": 11429.295, "verdict_SSP5_2035": "Buy", "discount_SSP5_2045": 0.020637237, "price_future_SSP5_2045": 11333.765, "verdict_SSP5_2045": "Buy" }, "geometry": { "type": "Polygon", "coordinates": [ [ [ 2.35625, 48.815 ], [ 2.35625, 48.8204375 ], [ 2.345625, 48.8204375 ], [ 2.345625, 48.815 ], [ 2.35625, 48.815 ] ] ] } },
{ "type": "Feature", "properties": { "zone_id": "750901", "price_m2": 12557.0, "heat_score": 79.7, "flood_score": 0.0, "elevation": 63.3, "dist_seine": 3.53, "n_sales": 272, "risk": 31.88, "risk_score": 32.302105, "cluster": 2, "cluster_name": "heat-exposed, affordable", "price_baseline": 12510.378, "discount_SSP2_2035": 0.015989544, "price_future_SSP2_2035": 12310.343, "verdict_SSP2_2035": "Buy", "discount_SSP2_2045": 0.026649239, "price_future_SSP2_2045": 12176.986, "verdict_SSP2_2045": "Buy", "discount_SSP5_2035": 0.029071897, "price_future_SSP5_2035": 12146.677, "verdict_SSP5_2035": "Buy", "discount_SSP5_2045": 0.04845316, "price_future_SSP5_2045": 11904.211, "verdict_SSP5_2045": "Caution" }, "geometry": { "type": "Polygon", "coordinates": [ [ [ 2.35625, 48.8204375 ], [ 2.35625, 48.825875 ], [ 2.345625, 48.825875 ], [ 2.345625, 48.8204375 ], [ 2.35625, 48.8204375 ] ] ] } },
{ "type": "Feature", "properties": { "zone_id": "750902", "price_m2": 13221.0, "heat_score": 64.8, "flood_score": 9.6, "elevation": 62.2, "dist_seine": 2.93, "n_sales": 87, "risk": 31.68, "risk_score": 31.665438, "cluster": 2, "cluster_name": "heat-exposed, affordable", "price_baseline": 13290.849, "discount_SSP2_2035": 0.015674394, "price_future_SSP2_2035": 13082.522, "verdict_SSP2_2035": "Buy", "discount_SSP2_2045": 0.026123988, "price_future_SSP2_2045": 12943.639, "verdict_SSP2_2045": "Buy", "discount_SSP5_2035": 0.028498897, "price_future_SSP5_2035": 12912.074, "verdict_SSP5_2035": "Buy", "discount_SSP5_2045": 0.047498159, "price_future_SSP5_2045": 12659.558, "verdict_SSP5_2045": "Caution" }, "geometry": { "type": "Polygon", "coordinates": [ [ [ 2.35625, 48.825875 ], [ 2.35625, 48.8313125 ], [ 2.345625, 48.8313125 ], [ 2.345625, 48.825875 ], [ 2.35625, 48.825875 ] ] ] } },
{ "type": "Feature", "properties": { "zone_id": "750903", "price_m2": 13740.0, "heat_score": 58.0, "flood_score": 17.4, "elevation": 51.2, "dist_seine": 2.33, "n_sales": 181, "risk": 33.64, "risk_score": 33.647934, "cluster": 0, "cluster_name": "expensive", "price_baseline": 13525.665, "discount_SSP2_2035": 0.016655728, "price_future_SSP2_2035": 13300.385, "verdict_SSP2_2035": "Buy", "discount_SSP2_2045": 0.027759546, "price_future_SSP2_2045": 13150.198, "verdict_SSP2_2045": "Buy", "discount_SSP5_2035": 0.030283142, "price_future_SSP5_2035": 13116.065, "verdict_SSP5_2035": "Buy", "discount_SSP5_2045": 0.050471902, "price_future_SSP5_2045": 12842.999, "verdict_SSP5_2045": "Caution" }, "geometry": { "type": "Polygon", "coordinates": [ [ [ 2.35625, 48.8313125 ], [ 2.35625, 48.83675 ], [ 2.345625, 48.83675 ], [ 2.345625, 48.8313125 ], [ 2.35625, 48.8313125 ] ] ] } },
{ "type": "Feature", "properties": { "zone_id": "750904", "price_m2": 13000.0, "heat_score": 30.0, "flood_score": 28.0, "elevation": 49.1, "dist_seine": 1.72, "n_sales": 367, "risk": 28.8, "risk_score": 28.790628, "cluster": 0, "cluster_name": "expensive", "price_baseline": 12842.771, "discount_SSP2_2035": 0.014251363, "price_future_SSP2_2035": 12659.745, "verdict_SSP2_2035": "Buy", "discount_SSP2_2045": 0.02375227, "price_future_SSP2_2045": 12537.727, "verdict_SSP2_2045": "Buy", "discount_SSP5_2035": 0.025911568, "price_future_SSP5_2035": 12509.995, "verdict_SSP5_2035": "Buy", "discount_SSP5_2045": 0.043185946, "price_future_SSP5_2045": 12288.145, "verdict_SSP5_2045": "Caution" }, "geometry": { "type": "Polygon", "coordinates": [ [ [ 2.35625, 48.83675 ], [ 2.35625, 48.8421875 ], [ 2.345625, 48.8421875 ], [ 2.345625, 48.83675 ], [ 2.35625, 48.83675 ] ] ] } },
{ "type": "Feature", "properties": { "zone_id": "750905", "price_m2": 13079.0, "heat_score": 58.0, "flood_score": 37.5, "elevation": 41.7, "dist_seine": 1.12, "n_sales": 56, "risk": 45.7, "risk_score": 48.354733, "cluster": 0, "cluster_name": "expensive", "price_baseline": 13212.711, "discount_SSP2_2035": 0.023935596, "price_future_SSP2_2035": 12896.457, "verdict_SSP2_2035": "Buy", "discount_SSP2_2045": 0.039892659, "price_future_SSP2_2045": 12685.62, "verdict_SSP2_2045": "Buy", "discount_SSP5_2035": 0.043519262, "price_future_SSP5_2035": 12637.703, "verdict_SSP5_2035": "Caution", "discount_SSP5_2045": 0.072532102, "price_future_SSP5_2045": 12254.365, "verdict_SSP5_2045": "Caution" }, "geometry": { "type": "Polygon", "coordinates": [ [ [ 2.35625, 48.8421875 ], [ 2.35625, 48.847625 ], [ 2.345625, 48.847625 ], [ 2.345625, 48.8421875 ], [ 2.35625, 48.8421875 ] ] ] } },
{ "type": "Feature", "properties": { "zone_id": "750906", "price_m2": 12849.0, "heat_score": 62.2, "flood_score": 64.1, "elevation": 32.8, "dist_seine": 0.52, "n_sales": 230, "risk": 63.34, "risk_score": 65.309784, "cluster": 3, "cluster_name": "flood-exposed, expensive", "price_baseline": 12869.968, "discount_SSP2_2035": 0.032328349, "price_future_SSP2_2035": 12453.902, "verdict_SSP2_2035": "Buy", "discount_SSP2_2045": 0.053880576, "price_future_SSP2_2045": 12176.526, "verdict_SSP2_2045": "Caution", "discount_SSP5_2035": 0.058778811, "price_future_SSP5_2035": 12113.486, "verdict_SSP5_2035": "Caution", "discount_SSP5_2045": 0.097964682, "price_future_SSP5_2045": 11609.165, "verdict_SSP5_2045": "Avoid" }, "geometry": { "type": "Polygon", "coordinates": [ [ [ 2.35625, 48.847625 ], [ 2.35625, 48.8530625 ], [ 2.345625, 48.8530625 ], [ 2.345625, 48.847625 ], [ 2.35625, 48.847625 ] ] ] } },
{ "type": "Feature", "properties": { "zone_id": "750907", "price_m2": 13937.0, "heat_score": 51.8, "flood_score": 89.6, "elevation": 35.8, "dist_seine": 0.09, "n_sales": 224, "risk": 74.48, "risk_score": 74.472923, "cluster": 3, "cluster_name": "flood-exposed, expensive", "price_baseline": 13962.918, "discount_SSP2_2035": 0.036864098, "price_future_SSP2_2035": 13448.188, "verdict_SSP2_2035": "Buy", "discount_SSP2_2045": 0.061440162, "price_future_SSP2_2045": 13105.034, "verdict_SSP2_2045": "Caution", "discount_SSP5_2035": 0.067025632, "price_future_SSP5_2035": 13027.044, "verdict_SSP5_2035": "Caution", "discount_SSP5_2045": 0.11170939, "price_future_SSP5_2045": 12403.129, "verdict_SSP5_2045": "Avoid" }, "geometry": { "type": "Polygon", "coordinates": [ [ [ 2.35625, 48.8530625 ], [ 2.35625, 48.8585 ], [ 2.345625, 48.8585 ], [ 2.345625, 48.8530625 ], [ 2.35625, 48.8530625 ] ] ] } },
{ "type": "Feature", "properties": { "zone_id": "750908", "price_m2": 15000.0, "heat_score": 30.0, "flood_score": 56.3, "elevation": 40.6, "dist_seine": 0.69, "n_sales": 308, "risk": 45.78, "risk_score": 45.760887, "cluster": 3, "cluster_name": "flood-exposed, expensive", "price_baseline": 14889.343, "discount_SSP2_2035": 0.022651643, "price_future_SSP2_2035": 14552.074, "verdict_SSP2_2035": "Buy", "discount_SSP2_2045": 0.037752736, "price_future_SSP2_2045": 14327.229, "verdict_SSP2_2045": "Buy", "discount_SSP5_2035": 0.041184802, "price_future_SSP5_2035": 14276.129, "verdict_SSP5_2035": "Caution", "discount_SSP5_2045": 0.068641335, "price_future_SSP5_2045": 13867.319, "verdict_SSP5_2045": "Caution" }, "geometry": { "type": "Polygon", "coordinates": [ [ [ 2.35625, 48.8585 ], [ 2.35625, 48.8639375 ], [ 2.345625, 48.8639375 ], [ 2.345625, 48.8585 ], [ 2.35625, 48.8585 ] ] ] } },
{ "type": "Feature", "properties": { "zone_id": "750909", "price_m2": 13711.0, "heat_score": 44.5, "flood_score": 32.1, "elevation": 46.2, "dist_seine": 1.29, "n_sales": 52, "risk": 37.06, "risk_score": 31.386286, "cluster": 0, "cluster_name": "expensive", "price_baseline": 13684.043, "discount_SSP2_2035": 0.015536213, "price_future_SSP2_2035": 13471.445, "verdict_SSP2_2035": "Buy", "discount_SSP2_2045": 0.025893688, "price_future_SSP2_2045": 13329.713, "verdict_SSP2_2045": "Buy", "discount_SSP5_2035": 0.02824766, "price_future_SSP5_2035": 13297.501, "verdict_SSP5_2035": "Buy", "discount_SSP5_2045": 0.047079433, "price_future_SSP5_2045": 13039.806, "verdict_SSP5_2045": "Caution" }, "geometry": { "type": "Polygon", "coordinates": [ [ [ 2.35625, 48.8639375 ], [ 2.35625, 48.869375 ], [ 2.345625, 48.869375 ], [ 2.345625, 48.8639375 ], [ 2.35625, 48.8639375 ] ] ] } },
{ "type": "Feature", "properties": { "zone_id": "750910", "price_m2": 12786.0, "heat_score": 70.0, "flood_score": 24.1, "elevation": 45.9, "dist_seine": 1.9, "n_sales": 199, "risk": 42.46, "risk_score": 42.470818, "cluster": 0, "cluster_name": "expensive", "price_baseline": 12815.912, "discount_SSP2_2035": 0.021023059, "price_future_SSP2_2035": 12546.482, "verdict_SSP2_2035": "Buy", "discount_SSP2_2045": 0.03503843, "price_future_SSP2_2045": 12366.863, "verdict_SSP2_2045": "Buy", "discount_SSP5_2035": 0.038223743, "price_future_SSP5_2035": 12326.04, "verdict_SSP5_2035": "Buy", "discount_SSP5_2045": 0.063706234, "price_future_SSP5_2045": 11999.459, "verdict_SSP5_2045": "Caution" }, "geometry": { "type": "Polygon", "coordinates": [ [ [ 2.35625, 48.869375 ], [ 2.35625, 48.8748125 ], [ 2.345625, 48.8748125 ], [ 2.345625, 48.869375 ], [ 2.35625, 48.869375 ] ] ] } },
{ "type": "Feature", "properties": { "zone_id": "750911", "price_m2": 13121.0, "heat_score": 75.6, "flood_score": 11.2, "elevation": 60.4, "dist_seine": 2.5, "n_sales": 269, "risk": 36.96, "risk_score": 36.960983, "cluster": 2, "cluster_name": "heat-exposed, affordable", "price_baseline": 13213.245, "discount_SSP2_2035": 0.018295689, "price_future_SSP2_2035": 12971.499, "verdict_SSP2_2035": "Buy", "discount_SSP2_2045": 0.030492812, "price_future_SSP2_2045": 12810.337, "verdict_SSP2_2045": "Buy", "discount_SSP5_2035": 0.033264887, "price_future_SSP5_2035": 12773.708, "verdict_SSP5_2035": "Buy", "discount_SSP5_2045": 0.055441476, "price_future_SSP5_2045": 12480.683, "verdict_SSP5_2045": "Caution" }, "geometry": { "type": "Polygon", "coordinates": [ [ [ 2.35625, 48.8748125 ], [ 2.35625, 48.88025 ], [ 2.345625, 48.88025 ], [ 2.345625, 48.8748125 ], [ 2.35625, 48.8748125 ] ] ] } },
{ "type": "Feature", "properties": { "zone_id": "750912", "price_m2": 11689.0, "heat_score": 75.6, "flood_score": 5.7, "elevation": 59.6, "dist_seine": 3.1, "n_sales": 152, "risk": 33.66, "risk_score": 33.672321, "cluster": 2, "cluster_name": "heat-exposed, affordable", "price_baseline": 11631.004, "discount_SSP2_2035": 0.0166678, "price_future_SSP2_2035": 11437.141, "verdict_SSP2_2035": "Buy", "discount_SSP2_2045": 0.027779667, "price_future_SSP2_2045": 11307.898, "verdict_SSP2_2045": "Buy", "discount_SSP5_2035": 0.030305091, "price_future_SSP5_2035": 11278.525, "verdict_SSP5_2035": "Buy", "discount_SSP5_2045": 0.050508484, "price_future_SSP5_2045": 11043.539, "verdict_SSP5_2045": "Caution" }, "geometry": { "type": "Polygon", "coordinates": [ [ [ 2.35625, 48.88025 ], [ 2.35625, 48.8856875 ], [ 2.345625, 48.8856875 ], [ 2.345625, 48.88025 ], [ 2.35625, 48.88025 ] ] ] } },
{ "type": "Feature", "properties": { "zone_id": "750913", "price_m2": 13336.0, "heat_score": 33.4, "flood_score": 5.3, "elevation": 62.3, "dist_seine": 3.71, "n_sales": 233, "risk": 16.54, "risk_score": 15.523805, "cluster": 1, "cluster_name": "affordable", "price_baseline": 13222.484, "discount_SSP2_2035": 0.0076842839, "price_future_SSP2_2035": 13120.879, "verdict_SSP2_2035": "Buy", "discount_SSP2_2045": 0.012807139, "price_future_SSP2_2045": 13053.143, "verdict_SSP2_2045": "Buy", "discount_SSP5_2035": 0.013971425, "price_future_SSP5_2035": 13037.747, "verdict_SSP5_2035": "Buy", "discount_SSP5_2045": 0.023285707, "price_future_SSP5_2045": 12914.59, "verdict_SSP5_2045": "Buy" }, "geometry": { "type": "Polygon", "coordinates": [ [ [ 2.35625, 48.8856875 ], [ 2.35625, 48.891125 ], [ 2.345625, 48.891125 ], [ 2.345625, 48.8856875 ], [ 2.35625, 48.8856875 ] ] ] } },
{ "type": "Feature", "properties": { "zone_id": "750914", "price_m2": 13783.0, "heat_score": 80.8, "flood_score": 2.7, "elevation": 69.1, "dist_seine": 4.31, "n_sales": 335, "risk": 33.94, "risk_score": 33.792976, "cluster": 2, "cluster_name": "heat-exposed, affordable", "price_baseline": 13755.339, "discount_SSP2_2035": 0.016727524, "price_future_SSP2_2035": 13525.246, "verdict_SSP2_2035": "Buy", "discount_SSP2_2045": 0.027879206, "price_future_SSP2_2045": 13371.852, "verdict_SSP2_2045": "Buy", "discount_SSP5_2035": 0.030413682, "price_future_SSP5_2035": 13336.988, "verdict_SSP5_2035": "Buy", "discount_SSP5_2045": 0.050689466, "price_future_SSP5_2045": 13058.088, "verdict_SSP5_2045": "Caution" }, "geometry": { "type": "Polygon", "coordinates": [ [ [ 2.35625, 48.891125 ], [ 2.35625, 48.8965625 ], [ 2.345625, 48.8965625 ], [ 2.345625, 48.891125 ], [ 2.35625, 48.891125 ] ] ] } },
{ "type": "Feature", "properties": { "zone_id": "750915", "price_m2": 13378.0, "heat_score": 65.7, "flood_score": 0.4, "elevation": 71.5, "dist_seine": 4.92, "n_sales": 200, "risk": 26.52, "risk_score": 26.514198, "cluster": 2, "cluster_name": "heat-exposed, affordable", "price_baseline": 13385.392, "discount_SSP2_2035": 0.01312453, "price_future_SSP2_2035": 13209.715, "verdict_SSP2_2035": "Buy", "discount_SSP2_2045": 0.021874215, "price_future_SSP2_2045": 13092.597, "verdict_SSP2_2045": "Buy", "discount_SSP5_2035": 0.023862781, "price_future_SSP5_2035": 13065.979, "verdict_SSP5_2035": "Buy", "discount_SSP5_2045": 0.0397713, "price_future_SSP5_2045": 12853.037, "verdict_SSP5_2045": "Buy" }, "geometry": { "type": "Polygon", "coordinates": [ [ [ 2.35625, 48.8965625 ], [ 2.35625, 48.902 ], [ 2.345625, 48.902 ], [ 2.345625, 48.8965625 ], [ 2.35625, 48.8965625 ] ] ] } },
{ "type": "Feature", "properties": { "zone_id": "751000", "price_m2": 10518.0, "heat_score": 80.5, "flood_score": 0.0, "elevation": 66.2, "dist_seine": 4.14, "n_sales": 150, "risk": 32.2, "risk_score": 32.190662, "cluster": 2, "cluster_name": "heat-exposed, affordable", "price_baseline": 10495.272, "discount_SSP2_2035": 0.01593438, "price_future_SSP2_2035": 10328.036, "verdict_SSP2_2035": "Buy", "discount_SSP2_2045": 0.026557298, "price_future_SSP2_2045": 10216.546, "verdict_SSP2_2045": "Buy", "discount_SSP5_2035": 0.028971598, "price_future_SSP5_2035": 10191.207, "verdict_SSP5_2035": "Buy", "discount_SSP5_2045": 0.048285995, "price_future_SSP5_2045": 9988.4971, "verdict_SSP5_2045": "Caution" }, "geometry": { "type": "Polygon", "coordinates": [ [ [ 2.366875, 48.815 ], [ 2.366875, 48.8204375 ], [ 2.35625, 48.8204375 ], [ 2.35625, 48.815 ], [ 2.366875, 48.815 ] ] ] } },
{ "type": "Feature", "properties": { "zone_id": "751001", "price_m2": 10845.0, "heat_score": 35.7, "flood_score": 0.9, "elevation": 62.7, "dist_seine": 3.53, "n_sales": 157, "risk": 14.82, "risk_score": 14.820031, "cluster": 1, "cluster_name": "affordable", "price_baseline": 10775.182, "discount_SSP2_2035": 0.0073359162, "price_future_SSP2_2035": 10696.136, "verdict_SSP2_2035": "Buy", "discount_SSP2_2045": 0.012226527, "price_future_SSP2_2045": 10643.438, "verdict_SSP2_2045": "Buy", "discount_SSP5_2035": 0.013338029, "price_future_SSP5_2035": 10631.462, "verdict_SSP5_2035": "Buy", "discount_SSP5_2045": 0.022230048, "price_future_SSP5_2045": 10535.649, "verdict_SSP5_2045": "Buy" }, "geometry": { "type": "Polygon", "coordinates": [ [ [ 2.366875, 48.8204375 ], [ 2.366875, 48.825875 ], [ 2.35625, 48.825875 ], [ 2.35625, 48.8204375 ], [ 2.366875, 48.8204375 ] ] ] } },
{ "type": "Feature", "properties": { "zone_id": "751002", "price_m2": 11810.0, "heat_score": 54.9, "flood_score": 0.0, "elevation": 62.4, "dist_seine": 2.93, "n_sales": 59, "risk": 21.96, "risk_score": 23.253059, "cluster": 2, "cluster_name": "heat-exposed, affordable", "price_baseline": 11801.727, "discount_SSP2_2035": 0.011510266, "price_future_SSP2_2035": 11665.886, "verdict_SSP2_2035": "Buy", "discount_SSP2_2045": 0.019183775, "price_future_SSP2_2045": 11575.325, "verdict_SSP2_2045": "Buy", "discount_SSP5_2035": 0.020927755, "price_future_SSP5_2035": 11554.743, "verdict_SSP5_2035": "Buy", "discount_SSP5_2045": 0.034879591, "price_future_SSP5_2045": 11390.088, "verdict_SSP5_2045": "Buy" }, "geometry": { "type": "Polygon", "coordinates": [ [ [ 2.366875, 48.825875 ], [ 2.366875, 48.8313125 ], [ 2.35625, 48.8313125 ], [ 2.35625, 48.825875 ], [ 2.366875, 48.825875 ] ] ] } },
{ "type": "Feature", "properties": { "zone_id": "751003", "price_m2": 12716.0, "heat_score": 52.2, "flood_score": 16.4, "elevation": 51.9, "dist_seine": 2.33, "n_sales": 331, "risk": 30.72, "risk_score": 30.717281, "cluster": 0, "cluster_name": "expensive", "price_baseline": 12545.3, "discount_SSP2_2035": 0.015205055, "price_future_SSP2_2035": 12354.548, "verdict_SSP2_2035": "Buy", "discount_SSP2_2045": 0.025341757, "price_future_SSP2_2045": 12227.38, "verdict_SSP2_2045": "Buy", "discount_SSP5_2035": 0.027645554, "price_future_SSP5_2035": 12198.479, "verdict_SSP5_2035": "Buy", "discount_SSP5_2045": 0.046075922, "price_future_SSP5_2045": 11967.264, "verdict_SSP5_2045": "Caution" }, "geometry": { "type": "Polygon", "coordinates": [ [ [ 2.366875, 48.8313125 ], [ 2.366875, 48.83675 ], [ 2.35625, 48.83675 ], [ 2.35625, 48.8313125 ], [ 2.366875, 48.8313125 ] ] ] } },
{ "type": "Feature", "properties": { "zone_id": "751004", "price_m2": 12653.0, "heat_score": 53.5, "flood_score": 26.6, "elevation": 41.9, "dist_seine": 1.72, "n_sales": 326, "risk": 37.36, "risk_score": 37.35313, "cluster": 0, "cluster_name": "expensive", "price_baseline": 12593.307, "discount_SSP2_2035": 0.018489802, "price_future_SSP2_2035": 12360.459, "verdict_SSP2_2035": "Buy", "discount_SSP2_2045": 0.030816335, "price_future_SSP2_2045": 12205.228, "verdict_SSP2_2045": "Buy", "discount_SSP5_2035": 0.033617821, "price_future_SSP5_2035": 12169.947, "verdict_SSP5_2035": "Buy", "discount_SSP5_2045": 0.0560297, "price_future_SSP5_2045": 11887.708, "verdict_SSP5_2045": "Caution" }, "geometry": { "type": "Polygon", "coordinates": [ [ [ 2.366875, 48.83675 ], [ 2.366875, 48.8421875 ], [ 2.35625, 48.8421875 ], [ 2.35625, 48.83675 ], [ 2.366875, 48.83675 ] ] ] } },
{ "type": "Feature", "properties": { "zone_id": "751005", "price_m2": 12036.0, "heat_score": 64.5, "flood_score": 35.3, "elevation": 47.8, "dist_seine": 1.12, "n_sales": 171, "risk": 46.98, "risk_score": 46.981796, "cluster": 0, "cluster_name": "expensive", "price_baseline": 11999.091, "discount_SSP2_2035": 0.023255991, "price_future_SSP2_2035": 11720.04, "verdict_SSP2_2035": "Buy", "discount_SSP2_2045": 0.038759984, "price_future_SSP2_2045": 11534.006, "verdict_SSP2_2045": "Buy", "discount_SSP5_2035": 0.042283617, "price_future_SSP5_2035": 11491.727, "verdict_SSP5_2035": "Caution", "discount_SSP5_2045": 0.070472695, "price_future_SSP5_2045": 11153.482, "verdict_SSP5_2045": "Caution" }, "geometry": { "type": "Polygon", "coordinates": [ [ [ 2.366875, 48.8421875 ], [ 2.366875, 48.847625 ], [ 2.35625, 48.847625 ], [ 2.35625, 48.8421875 ], [ 2.366875, 48.8421875 ] ] ] } },
{ "type": "Feature", "properties": { "zone_id": "751006", "price_m2": 13146.0, "heat_score": 68.0, "flood_score": 73.4, "elevation": 33.7, "dist_seine": 0.52, "n_sales": 313, "risk": 71.24, "risk_score": 71.231483, "cluster": 3, "cluster_name": "flood-exposed, expensive", "price_baseline": 13137.959, "discount_SSP2_2035": 0.03525959, "price_future_SSP2_2035": 12674.72, "verdict_SSP2_2035": "Buy", "discount_SSP2_2045": 0.058765981, "price_future_SSP2_2045": 12365.894, "verdict_SSP2_2045": "Caution", "discount_SSP5_2035": 0.064108342, "price_future_SSP5_2035": 12295.706, "verdict_SSP5_2035": "Caution", "discount_SSP5_2045": 0.10684723, "price_future_SSP5_2045": 11734.204, "verdict_SSP5_2045": "Avoid" }, "geometry": { "type": "Polygon", "coordinates": [ [ [ 2.366875, 48.847625 ], [ 2.366875, 48.8530625 ], [ 2.35625, 48.8530625 ], [ 2.35625, 48.847625 ], [ 2.366875, 48.847625 ] ] ] } },
{ "type": "Feature", "properties": { "zone_id": "751007", "price_m2": 14360.0, "heat_score": 38.8, "flood_score": 97.9, "elevation": 33.8, "dist_seine": 0.09, "n_sales": 145, "risk": 74.26, "risk_score": 74.26223, "cluster": 3, "cluster_name": "flood-exposed, expensive", "price_baseline": 14347.696, "discount_SSP2_2035": 0.036759809, "price_future_SSP2_2035": 13820.278, "verdict_SSP2_2035": "Buy", "discount_SSP2_2045": 0.061266348, "price_future_SSP2_2045": 13468.665, "verdict_SSP2_2045": "Caution", "discount_SSP5_2035": 0.066836014, "price_future_SSP5_2035": 13388.754, "verdict_SSP5_2035": "Caution", "discount_SSP5_2045": 0.11139335, "price_future_SSP5_2045": 12749.459, "verdict_SSP5_2045": "Avoid" }, "geometry": { "type": "Polygon", "coordinates": [ [ [ 2.366875, 48.8530625 ], [ 2.366875, 48.8585 ], [ 2.35625, 48.8585 ], [ 2.35625, 48.8530625 ], [ 2.366875, 48.8530625 ] ] ] } },
{ "type": "Feature", "properties": { "zone_id": "751008", "price_m2": 13623.0, "heat_score": 43.9, "flood_score": 56.1, "elevation": 42.9, "dist_seine": 0.69, "n_sales": 308, "risk": 51.22, "risk_score": 49.800129, "cluster": 3, "cluster_name": "flood-exposed, expensive", "price_baseline": 13640.654, "discount_SSP2_2035": 0.024651064, "price_future_SSP2_2035": 13304.397, "verdict_SSP2_2035": "Buy", "discount_SSP2_2045": 0.041085105, "price_future_SSP2_2045": 13080.227, "verdict_SSP2_2045": "Caution", "discount_SSP5_2035": 0.044820115, "price_future_SSP5_2035": 13029.278, "verdict_SSP5_2035": "Caution", "discount_SSP5_2045": 0.074700192, "price_future_SSP5_2045": 12621.695, "verdict_SSP5_2045": "Caution" }, "geometry": { "type": "Polygon", "coordinates": [ [ [ 2.366875, 48.8585 ], [ 2.366875, 48.8639375 ], [ 2.35625, 48.8639375 ], [ 2.35625, 48.8585 ], [ 2.366875, 48.8585 ] ] ] } },
{ "type": "Feature", "properties": { "zone_id": "751009", "price_m2": 15167.0, "heat_score": 76.3, "flood_score": 33.4, "elevation": 50.0, "dist_seine": 1.29, "n_sales": 307, "risk": 50.56, "risk_score": 50.567421, "cluster": 0, "cluster_name": "expensive", "price_baseline": 15113.78, "discount_SSP2_2035": 0.025030874, "price_future_SSP2_2035": 14735.47, "verdict_SSP2_2035": "Buy", "discount_SSP2_2045": 0.041718122, "price_future_SSP2_2045": 14483.262, "verdict_SSP2_2045": "Caution", "discount_SSP5_2035": 0.045510679, "price_future_SSP5_2035": 14425.942, "verdict_SSP5_2035": "Caution", "discount_SSP5_2045": 0.075851128, "price_future_SSP5_2045": 13967.383, "verdict_SSP5_2045": "Caution" }, "geometry": { "type": "Polygon", "coordinates": [ [ [ 2.366875, 48.8639375 ], [ 2.366875, 48.869375 ], [ 2.35625, 48.869375 ], [ 2.35625, 48.8639375 ], [ 2.366875, 48.8639375 ] ] ] } },
{ "type": "Feature", "properties": { "zone_id": "751010", "price_m2": 13827.0, "heat_score": 52.8, "flood_score": 18.7, "elevation": 55.0, "dist_seine": 1.9, "n_sales": 51, "risk": 32.34, "risk_score": 33.212406, "cluster": 0, "cluster_name": "expensive", "price_baseline": 13807.381, "discount_SSP2_2035": 0.016440142, "price_future_SSP2_2035": 13580.386, "verdict_SSP2_2035": "Buy", "discount_SSP2_2045": 0.027400235, "price_future_SSP2_2045": 13429.055, "verdict_SSP2_2045": "Buy", "discount_SSP5_2035": 0.029891167, "price_future_SSP5_2035": 13394.662, "verdict_SSP5_2035": "Buy", "discount_SSP5_2045": 0.049818609, "price_future_SSP5_2045": 13119.516, "verdict_SSP5_2045": "Caution" }, "geometry": { "type": "Polygon", "coordinates": [ [ [ 2.366875, 48.869375 ], [ 2.366875, 48.8748125 ], [ 2.35625, 48.8748125 ], [ 2.35625, 48.869375 ], [ 2.366875, 48.869375 ] ] ] } },
{ "type": "Feature", "properties": { "zone_id": "751011", "price_m2": 11944.0, "heat_score": 87.5, "flood_score": 18.4, "elevation": 55.8, "dist_seine": 2.5, "n_sales": 30, "risk": 46.04, "risk_score": 43.142952, "cluster": 2, "cluster_name": "heat-exposed, affordable", "price_baseline": 11934.607, "discount_SSP2_2035": 0.021355765, "price_future_SSP2_2035": 11679.735, "verdict_SSP2_2035": "Buy", "discount_SSP2_2045": 0.03559294, "price_future_SSP2_2045": 11509.82, "verdict_SSP2_2045": "Buy", "discount_SSP5_2035": 0.03882866, "price_future_SSP5_2035": 11471.202, "verdict_SSP5_2035": "Buy", "discount_SSP5_2045": 0.064714432, "price_future_SSP5_2045": 11162.266, "verdict_SSP5_2045": "Caution" }, "geometry": { "type": "Polygon", "coordinates": [ [ [ 2.366875, 48.8748125 ], [ 2.366875, 48.88025 ], [ 2.35625, 48.88025 ], [ 2.35625, 48.8748125 ], [ 2.366875, 48.8748125 ] ] ] } },
{ "type": "Feature", "properties": { "zone_id": "751012", "price_m2": 10859.0, "heat_score": 30.7, "flood_score": 7.4, "elevation": 58.7, "dist_seine": 3.1, "n_sales": 101, "risk": 16.72, "risk_score": 16.724546, "cluster": 1, "cluster_name": "affordable", "price_baseline": 10823.573, "discount_SSP2_2035": 0.0082786512, "price_future_SSP2_2035": 10733.969, "verdict_SSP2_2035": "Buy", "discount_SSP2_2045": 0.013797752, "price_future_SSP2_2045": 10674.232, "verdict_SSP2_2045": "Buy", "discount_SSP5_2035": 0.015052092, "price_future_SSP5_2035": 10660.656, "verdict_SSP5_2035": "Buy", "discount_SSP5_2045": 0.02508682, "price_future_SSP5_2045": 10552.044, "verdict_SSP5_2045": "Buy" }, "geometry": { "type": "Polygon", "coordinates": [ [ [ 2.366875, 48.88025 ], [ 2.366875, 48.8856875 ], [ 2.35625, 48.8856875 ], [ 2.35625, 48.88025 ], [ 2.366875, 48.88025 ] ] ] } },
{ "type": "Feature", "properties": { "zone_id": "751013", "price_m2": 10537.0, "heat_score": 74.3, "flood_score": 8.8, "elevation": 64.8, "dist_seine": 3.71, "n_sales": 223, "risk": 35.0, "risk_score": 35.007214, "cluster": 2, "cluster_name": "heat-exposed, affordable", "price_baseline": 10662.144, "discount_SSP2_2035": 0.017328573, "price_future_SSP2_2035": 10477.384, "verdict_SSP2_2035": "Buy", "discount_SSP2_2045": 0.028880954, "price_future_SSP2_2045": 10354.211, "verdict_SSP2_2045": "Buy", "discount_SSP5_2035": 0.031506497, "price_future_SSP5_2035": 10326.217, "verdict_SSP5_2035": "Buy", "discount_SSP5_2045": 0.052510824, "price_future_SSP5_2045": 10102.266, "verdict_SSP5_2045": "Caution" }, "geometry": { "type": "Polygon", "coordinates": [ [ [ 2.366875, 48.8856875 ], [ 2.366875, 48.891125 ], [ 2.35625, 48.891125 ], [ 2.35625, 48.8856875 ], [ 2.366875, 48.8856875 ] ] ] } },
{ "type": "Feature", "properties": { "zone_id": "751014", "price_m2": 9550.0, "heat_score": 30.0, "flood_score": 5.8, "elevation": 73.2, "dist_seine": 4.31, "n_sales": 68, "risk": 15.48, "risk_score": 15.484447, "cluster": 1, "cluster_name": "affordable", "price_baseline": 9622.2568, "discount_SSP2_2035": 0.007664802, "price_future_SSP2_2035": 9548.5039, "verdict_SSP2_2035": "Buy", "discount_SSP2_2045": 0.01277467, "price_future_SSP2_2045": 9499.3359, "verdict_SSP2_2045": "Buy", "discount_SSP5_2035": 0.013936003, "price_future_SSP5_2035": 9488.1611, "verdict_SSP5_2035": "Buy", "discount_SSP5_2045": 0.023226671, "price_future_SSP5_2045": 9398.7637, "verdict_SSP5_2045": "Buy" }, "geometry": { "type": "Polygon", "coordinates": [ [ [ 2.366875, 48.891125 ], [ 2.366875, 48.8965625 ], [ 2.35625, 48.8965625 ], [ 2.35625, 48.891125 ], [ 2.366875, 48.891125 ] ] ] } },
{ "type": "Feature", "properties": { "zone_id": "751015", "price_m2": 11505.0, "heat_score": 50.5, "flood_score": 0.0, "elevation": 79.8, "dist_seine": 4.92, "n_sales": 178, "risk": 20.2, "risk_score": 20.201351, "cluster": 1, "cluster_name": "affordable", "price_baseline": 11516.701, "discount_SSP2_2035": 0.0099996701, "price_future_SSP2_2035": 11401.538, "verdict_SSP2_2035": "Buy", "discount_SSP2_2045": 0.016666116, "price_future_SSP2_2045": 11324.763, "verdict_SSP2_2045": "Buy", "discount_SSP5_2035": 0.018181218, "price_future_SSP5_2035": 11307.313, "verdict_SSP5_2035": "Buy", "discount_SSP5_2045": 0.030302027, "price_future_SSP5_2045": 11167.722, "verdict_SSP5_2045": "Buy" }, "geometry": { "type": "Polygon", "coordinates": [ [ [ 2.366875, 48.8965625 ], [ 2.366875, 48.902 ], [ 2.35625, 48.902 ], [ 2.35625, 48.8965625 ], [ 2.366875, 48.8965625 ] ] ] } },
{ "type": "Feature", "properties": { "zone_id": "751100", "price_m2": 9364.0, "heat_score": 76.0, "flood_score": 5.1, "elevation": 68.0, "dist_seine": 4.14, "n_sales": 71, "risk": 33.46, "risk_score": 33.456234, "cluster": 2, "cluster_name": "heat-exposed, affordable", "price_baseline": 9421.21, "discount_SSP2_2035": 0.016560836, "price_future_SSP2_2035": 9265.1865, "verdict_SSP2_2035": "Buy", "discount_SSP2_2045": 0.027601393, "price_future_SSP2_2045": 9161.1709, "verdict_SSP2_2045": "Buy", "discount_SSP5_2035": 0.030110611, "price_future_SSP5_2035": 9137.5312, "verdict_SSP5_2035": "Buy", "discount_SSP5_2045": 0.05018435, "price_future_SSP5_2045": 8948.4121, "verdict_SSP5_2045": "Caution" }, "geometry": { "type": "Polygon", "coordinates": [ [ [ 2.3775, 48.815 ], [ 2.3775, 48.8204375 ], [ 2.366875, 48.8204375 ], [ 2.366875, 48.815 ], [ 2.3775, 48.815 ] ] ] } },
{ "type": "Feature", "properties": { "zone_id": "751101", "price_m2": 10166.0, "heat_score": 52.3, "flood_score": 10.1, "elevation": 57.6, "dist_seine": 3.53, "n_sales": 35, "risk": 26.98, "risk_score": 26.994551, "cluster": 1, "cluster_name": "affordable", "price_baseline": 10184.341, "discount_SSP2_2035": 0.013362303, "price_future_SSP2_2035": 10048.255, "verdict_SSP2_2035": "Buy", "discount_SSP2_2045": 0.022270504, "price_future_SSP2_2045": 9957.5303, "verdict_SSP2_2045": "Buy", "discount_SSP5_2035": 0.024295097, "price_future_SSP5_2035": 9936.9111, "verdict_SSP5_2035": "Buy", "discount_SSP5_2045": 0.040491827, "price_future_SSP5_2045": 9771.958, "verdict_SSP5_2045": "Caution" }, "geometry": { "type": "Polygon", "coordinates": [ [ [ 2.3775, 48.8204375 ], [ 2.3775, 48.825875 ], [ 2.366875, 48.825875 ], [ 2.366875, 48.8204375 ], [ 2.3775, 48.8204375 ] ] ] } },
{ "type": "Feature", "properties": { "zone_id": "751102", "price_m2": 13936.0, "heat_score": 70.7, "flood_score": 13.1, "elevation": 60.4, "dist_seine": 2.93, "n_sales": 355, "risk": 36.14, "risk_score": 36.142406, "cluster": 2, "cluster_name": "heat-exposed, affordable", "price_baseline": 13872.251, "discount_SSP2_2035": 0.017890492, "price_future_SSP2_2035": 13624.069, "verdict_SSP2_2035": "Buy", "discount_SSP2_2045": 0.029817486, "price_future_SSP2_2045": 13458.615, "verdict_SSP2_2045": "Buy", "discount_SSP5_2035": 0.032528166, "price_future_SSP5_2035": 13421.012, "verdict_SSP5_2035": "Buy", "discount_SSP5_2045": 0.05421361, "price_future_SSP5_2045": 13120.187, "verdict_SSP5_2045": "Caution" }, "geometry": { "type": "Polygon", "coordinates": [ [ [ 2.3775, 48.825875 ], [ 2.3775, 48.8313125 ], [ 2.366875, 48.8313125 ], [ 2.366875, 48.825875 ], [ 2.3775, 48.825875 ] ] ] } },
{ "type": "Feature", "properties": { "zone_id": "751103", "price_m2": 12152.0, "heat_score": 44.6, "flood_score": 10.4, "elevation": 60.5, "dist_seine": 2.33, "n_sales": 261, "risk": 24.08, "risk_score": 27.967215, "cluster": 1, "cluster_name": "affordable", "price_baseline": 12138.773, "discount_SSP2_2035": 0.013843772, "price_future_SSP2_2035": 11970.727, "verdict_SSP2_2035": "Buy", "discount_SSP2_2045": 0.023072952, "price_future_SSP2_2045": 11858.696, "verdict_SSP2_2045": "Buy", "discount_SSP5_2035": 0.025170494, "price_future_SSP5_2035": 11833.234, "verdict_SSP5_2035": "Buy", "discount_SSP5_2045": 0.041950822, "price_future_SSP5_2045": 11629.542, "verdict_SSP5_2045": "Caution" }, "geometry": { "type": "Polygon", "coordinates": [ [ [ 2.3775, 48.8313125 ], [ 2.3775, 48.83675 ], [ 2.366875, 48.83675 ], [ 2.366875, 48.8313125 ], [ 2.3775, 48.8313125 ] ] ] } },
{ "type": "Feature", "properties": { "zone_id": "751104", "price_m2": 12538.0, "heat_score": 40.4, "flood_score": 20.1, "elevation": 44.9, "dist_seine": 1.72, "n_sales": 21, "risk": 28.22, "risk_score": 28.219175, "cluster": 0, "cluster_name": "expensive", "price_baseline": 12497.052, "discount_SSP2_2035": 0.013968493, "price_future_SSP2_2035": 12322.487, "verdict_SSP2_2035": "Buy", "discount_SSP2_2045": 0.02328082, "price_future_SSP2_2045": 12206.11, "verdict_SSP2_2045": "Buy", "discount_SSP5_2035": 0.02539726, "price_future_SSP5_2035": 12179.661, "verdict_SSP5_2035": "Buy", "discount_SSP5_2045": 0.042328764, "price_future_SSP5_2045": 11968.066, "verdict_SSP5_2045": "Caution" }, "geometry": { "type": "Polygon", "coordinates": [ [ [ 2.3775, 48.83675 ], [ 2.3775, 48.8421875 ], [ 2.366875, 48.8421875 ], [ 2.366875, 48.83675 ], [ 2.3775, 48.83675 ] ] ] } },
{ "type": "Feature", "properties": { "zone_id": "751105", "price_m2": 13408.0, "heat_score": 60.5, "flood_score": 41.6, "elevation": 42.8, "dist_seine": 1.12, "n_sales": 337, "risk": 49.16, "risk_score": 49.179848, "cluster": 0, "cluster_name": "expensive", "price_baseline": 13364.556, "discount_SSP2_2035": 0.024344027, "price_future_SSP2_2035": 13039.209, "verdict_SSP2_2035": "Buy", "discount_SSP2_2045": 0.040573377, "price_future_SSP2_2045": 12822.311, "verdict_SSP2_2045": "Caution", "discount_SSP5_2035": 0.044261869, "price_future_SSP5_2035": 12773.016, "verdict_SSP5_2035": "Caution", "discount_SSP5_2045": 0.073769778, "price_future_SSP5_2045": 12378.655, "verdict_SSP5_2045": "Caution" }, "geometry": { "type": "Polygon", "coordinates": [ [ [ 2.3775, 48.8421875 ], [ 2.3775, 48.847625 ], [ 2.366875, 48.847625 ], [ 2.366875, 48.8421875 ], [ 2.3775, 48.8421875 ] ] ] } },
{ "type": "Feature", "properties": { "zone_id": "751106", "price_m2": 14067.0, "heat_score": 49.3, "flood_score": 56.3, "elevation": 43.1, "dist_seine": 0.52, "n_sales": 68, "risk": 53.5, "risk_score": 50.191422, "cluster": 3, "cluster_name": "flood-exposed, expensive", "price_baseline": 14040.001, "discount_SSP2_2035": 0.024844756, "price_future_SSP2_2035": 13691.181, "verdict_SSP2_2035": "Buy", "discount_SSP2_2045": 0.041407924, "price_future_SSP2_2045": 13458.634, "verdict_SSP2_2045": "Caution", "discount_SSP5_2035": 0.045172282, "price_future_SSP5_2035": 13405.782, "verdict_SSP5_2035": "Caution", "discount_SSP5_2045": 0.075287133, "price_future_SSP5_2045": 12982.97, "verdict_SSP5_2045": "Caution" }, "geometry": { "type": "Polygon", "coordinates": [ [ [ 2.3775, 48.847625 ], [ 2.3775, 48.8530625 ], [ 2.366875, 48.8530625 ], [ 2.366875, 48.847625 ], [ 2.3775, 48.847625 ] ] ] } },
{ "type": "Feature", "properties": { "zone_id": "751107", "price_m2": 13809.0, "heat_score": 30.0, "flood_score": 85.5, "elevation": 36.8, "dist_seine": 0.09, "n_sales": 288, "risk": 63.3, "risk_score": 63.288696, "cluster": 3, "cluster_name": "flood-exposed, expensive", "price_baseline": 13735.064, "discount_SSP2_2035": 0.031327907, "price_future_SSP2_2035": 13304.773, "verdict_SSP2_2035": "Buy", "discount_SSP2_2045": 0.052213177, "price_future_SSP2_2045": 13017.913, "verdict_SSP2_2045": "Caution", "discount_SSP5_2035": 0.05695983, "price_future_SSP5_2035": 12952.718, "verdict_SSP5_2035": "Caution", "discount_SSP5_2045": 0.094933048, "price_future_SSP5_2045": 12431.153, "verdict_SSP5_2045": "Avoid" }, "geometry": { "type": "Polygon", "coordinates": [ [ [ 2.3775, 48.8530625 ], [ 2.3775, 48.8585 ], [ 2.366875, 48.8585 ], [ 2.366875, 48.8530625 ], [ 2.3775, 48.8530625 ] ] ] } },
{ "type": "Feature", "properties": { "zone_id": "751108", "price_m2": 13523.0, "heat_score": 66.0, "flood_score": 57.1, "elevation": 39.6, "dist_seine": 0.69, "n_sales": 126, "risk": 60.66, "risk_score": 60.658886, "cluster": 3, "cluster_name": "flood-exposed, expensive", "price_baseline": 13552.622, "discount_SSP2_2035": 0.030026151, "price_future_SSP2_2035": 13145.689, "verdict_SSP2_2035": "Buy", "discount_SSP2_2045": 0.050043583, "price_future_SSP2_2045": 12874.4, "verdict_SSP2_2045": "Caution", "discount_SSP5_2035": 0.054593001, "price_future_SSP5_2035": 12812.743, "verdict_SSP5_2035": "Caution", "discount_SSP5_2045": 0.090988331, "price_future_SSP5_2045": 12319.491, "verdict_SSP5_2045": "Avoid" }, "geometry": { "type": "Polygon", "coordinates": [ [ [ 2.3775, 48.8585 ], [ 2.3775, 48.8639375 ], [ 2.366875, 48.8639375 ], [ 2.366875, 48.8585 ], [ 2.3775, 48.8585 ] ] ] } },
{ "type": "Feature", "properties": { "zone_id": "751109", "price_m2": 14838.0, "heat_score": 43.0, "flood_score": 34.5, "elevation": 43.3, "dist_seine": 1.29, "n_sales": 157, "risk": 37.9, "risk_score": 37.896648, "cluster": 0, "cluster_name": "expensive", "price_baseline": 14732.351, "discount_SSP2_2035": 0.018758843, "price_future_SSP2_2035": 14455.989, "verdict_SSP2_2035": "Buy", "discount_SSP2_2045": 0.031264737, "price_future_SSP2_2045": 14271.748, "verdict_SSP2_2045": "Buy", "discount_SSP5_2035": 0.034106988, "price_future_SSP5_2035": 14229.875, "verdict_SSP5_2035": "Buy", "discount_SSP5_2045": 0.056844976, "price_future_SSP5_2045": 13894.891, "verdict_SSP5_2045": "Caution" }, "geometry": { "type": "Polygon", "coordinates": [ [ [ 2.3775, 48.8639375 ], [ 2.3775, 48.869375 ], [ 2.366875, 48.869375 ], [ 2.366875, 48.8639375 ], [ 2.3775, 48.8639375 ] ] ] } },
{ "type": "Feature", "properties": { "zone_id": "751110", "price_m2": 13664.0, "heat_score": 68.5, "flood_score": 17.9, "elevation": 49.6, "dist_seine": 1.9, "n_sales": 351, "risk": 38.14, "risk_score": 39.921898, "cluster": 0, "cluster_name": "expensive", "price_baseline": 13606.444, "discount_SSP2_2035": 0.019761341, "price_future_SSP2_2035": 13337.562, "verdict_SSP2_2035": "Buy", "discount_SSP2_2045": 0.032935567, "price_future_SSP2_2045": 13158.309, "verdict_SSP2_2045": "Buy", "discount_SSP5_2035": 0.03592971, "price_future_SSP5_2035": 13117.569, "verdict_SSP5_2035": "Buy", "discount_SSP5_2045": 0.059882849, "price_future_SSP5_2045": 12791.651, "verdict_SSP5_2045": "Caution" }, "geometry": { "type": "Polygon", "coordinates": [ [ [ 2.3775, 48.869375 ], [ 2.3775, 48.8748125 ], [ 2.366875, 48.8748125 ], [ 2.366875, 48.869375 ], [ 2.3775, 48.869375 ] ] ] } },
{ "type": "Feature", "properties": { "zone_id": "751111", "price_m2": 13014.0, "heat_score": 58.6, "flood_score": 18.4, "elevation": 57.1, "dist_seine": 2.5, "n_sales": 391, "risk": 34.48, "risk_score": 34.349926, "cluster": 0, "cluster_name": "expensive", "price_baseline": 12978.76, "discount_SSP2_2035": 0.017003216, "price_future_SSP2_2035": 12758.079, "verdict_SSP2_2035": "Buy", "discount_SSP2_2045": 0.028338691, "price_future_SSP2_2045": 12610.959, "verdict_SSP2_2045": "Buy", "discount_SSP5_2035": 0.030914936, "price_future_SSP5_2035": 12577.521, "verdict_SSP5_2035": "Buy", "discount_SSP5_2045": 0.051524892, "price_future_SSP5_2045": 12310.03, "verdict_SSP5_2045": "Caution" }, "geometry": { "type": "Polygon", "coordinates": [ [ [ 2.3775, 48.8748125 ], [ 2.3775, 48.88025 ], [ 2.366875, 48.88025 ], [ 2.366875, 48.8748125 ], [ 2.3775, 48.8748125 ] ] ] } },
{ "type": "Feature", "properties": { "zone_id": "751112", "price_m2": 13556.0, "heat_score": 53.8, "flood_score": 10.8, "elevation": 55.1, "dist_seine": 3.1, "n_sales": 68, "risk": 28.0, "risk_score": 29.38974, "cluster": 0, "cluster_name": "expensive", "price_baseline": 13524.453, "discount_SSP2_2035": 0.014547921, "price_future_SSP2_2035": 13327.7, "verdict_SSP2_2035": "Buy", "discount_SSP2_2045": 0.024246534, "price_future_SSP2_2045": 13196.532, "verdict_SSP2_2045": "Buy", "discount_SSP5_2035": 0.026450766, "price_future_SSP5_2035": 13166.721, "verdict_SSP5_2035": "Buy", "discount_SSP5_2045": 0.044084609, "price_future_SSP5_2045": 12928.232, "verdict_SSP5_2045": "Caution" }, "geometry": { "type": "Polygon", "coordinates": [ [ [ 2.3775, 48.88025 ], [ 2.3775, 48.8856875 ], [ 2.366875, 48.8856875 ], [ 2.366875, 48.88025 ], [ 2.3775, 48.88025 ] ] ] } },
{ "type": "Feature", "properties": { "zone_id": "751113", "price_m2": 11870.0, "heat_score": 37.3, "flood_score": 0.3, "elevation": 64.0, "dist_seine": 3.71, "n_sales": 152, "risk": 15.1, "risk_score": 16.629875, "cluster": 1, "cluster_name": "affordable", "price_baseline": 11839.942, "discount_SSP2_2035": 0.0082317889, "price_future_SSP2_2035": 11742.479, "verdict_SSP2_2035": "Buy", "discount_SSP2_2045": 0.013719648, "price_future_SSP2_2045": 11677.502, "verdict_SSP2_2045": "Buy", "discount_SSP5_2035": 0.014966889, "price_future_SSP5_2035": 11662.735, "verdict_SSP5_2035": "Buy", "discount_SSP5_2045": 0.024944814, "price_future_SSP5_2045": 11544.597, "verdict_SSP5_2045": "Buy" }, "geometry": { "type": "Polygon", "coordinates": [ [ [ 2.3775, 48.8856875 ], [ 2.3775, 48.891125 ], [ 2.366875, 48.891125 ], [ 2.366875, 48.8856875 ], [ 2.3775, 48.8856875 ] ] ] } },
{ "type": "Feature", "properties": { "zone_id": "751114", "price_m2": 12285.0, "heat_score": 30.0, "flood_score": 4.7, "elevation": 72.3, "dist_seine": 4.31, "n_sales": 363, "risk": 14.82, "risk_score": 14.806283, "cluster": 1, "cluster_name": "affordable", "price_baseline": 12233.616, "discount_SSP2_2035": 0.0073291105, "price_future_SSP2_2035": 12143.955, "verdict_SSP2_2035": "Buy", "discount_SSP2_2045": 0.012215184, "price_future_SSP2_2045": 12084.181, "verdict_SSP2_2045": "Buy", "discount_SSP5_2035": 0.013325655, "price_future_SSP5_2035": 12070.596, "verdict_SSP5_2035": "Buy", "discount_SSP5_2045": 0.022209425, "price_future_SSP5_2045": 11961.915, "verdict_SSP5_2045": "Buy" }, "geometry": { "type": "Polygon", "coordinates": [ [ [ 2.3775, 48.891125 ], [ 2.3775, 48.8965625 ], [ 2.366875, 48.8965625 ], [ 2.366875, 48.891125 ], [ 2.3775, 48.891125 ] ] ] } },
{ "type": "Feature", "properties": { "zone_id": "751115", "price_m2": 10937.0, "heat_score": 54.7, "flood_score": 0.3, "elevation": 74.1, "dist_seine": 4.92, "n_sales": 84, "risk": 22.06, "risk_score": 22.334246, "cluster": 1, "cluster_name": "affordable", "price_baseline": 10960.721, "discount_SSP2_2035": 0.011055454, "price_future_SSP2_2035": 10839.545, "verdict_SSP2_2035": "Buy", "discount_SSP2_2045": 0.018425755, "price_future_SSP2_2045": 10758.761, "verdict_SSP2_2045": "Buy", "discount_SSP5_2035": 0.020100825, "price_future_SSP5_2035": 10740.401, "verdict_SSP5_2035": "Buy", "discount_SSP5_2045": 0.033501372, "price_future_SSP5_2045": 10593.521, "verdict_SSP5_2045": "Buy" }, "geometry": { "type": "Polygon", "coordinates": [ [ [ 2.3775, 48.8965625 ], [ 2.3775, 48.902 ], [ 2.366875, 48.902 ], [ 2.366875, 48.8965625 ], [ 2.3775, 48.8965625 ] ] ] } },
{ "type": "Feature", "properties": { "zone_id": "751200", "price_m2": 11712.0, "heat_score": 73.0, "flood_score": 0.0, "elevation": 63.9, "dist_seine": 4.14, "n_sales": 293, "risk": 29.2, "risk_score": 29.18288, "cluster": 2, "cluster_name": "heat-exposed, affordable", "price_baseline": 11559.563, "discount_SSP2_2035": 0.014445527, "price_future_SSP2_2035": 11392.579, "verdict_SSP2_2035": "Buy", "discount_SSP2_2045": 0.024075877, "price_future_SSP2_2045": 11281.257, "verdict_SSP2_2045": "Buy", "discount_SSP5_2035": 0.026264595, "price_future_SSP5_2035": 11255.956, "verdict_SSP5_2035": "Buy", "discount_SSP5_2045": 0.043774322, "price_future_SSP5_2045": 11053.552, "verdict_SSP5_2045": "Caution" }, "geometry": { "type": "Polygon", "coordinates": [ [ [ 2.388125, 48.815 ], [ 2.388125, 48.8204375 ], [ 2.3775, 48.8204375 ], [ 2.3775, 48.815 ], [ 2.388125, 48.815 ] ] ] } },
{ "type": "Feature", "properties": { "zone_id": "751201", "price_m2": 11238.0, "heat_score": 30.0, "flood_score": 6.7, "elevation": 62.3, "dist_seine": 3.53, "n_sales": 262, "risk": 16.02, "risk_score": 16.019312, "cluster": 1, "cluster_name": "affordable", "price_baseline": 11267.884, "discount_SSP2_2035": 0.0079295598, "price_future_SSP2_2035": 11178.534, "verdict_SSP2_2035": "Buy", "discount_SSP2_2045": 0.013215933, "price_future_SSP2_2045": 11118.968, "verdict_SSP2_2045": "Buy", "discount_SSP5_2035": 0.014417381, "price_future_SSP5_2035": 11105.43, "verdict_SSP5_2035": "Buy", "discount_SSP5_2045": 0.024028968, "price_future_SSP5_2045": 10997.128, "verdict_SSP5_2045": "Buy" }, "geometry": { "type": "Polygon", "coordinates": [ [ [ 2.388125, 48.8204375 ], [ 2.388125, 48.825875 ], [ 2.3775, 48.825875 ], [ 2.3775, 48.8204375 ], [ 2.388125, 48.8204375 ] ] ] } },
{ "type": "Feature", "properties": { "zone_id": "751202", "price_m2": 12748.0, "heat_score": 64.1, "flood_score": 8.2, "elevation": 58.7, "dist_seine": 2.93, "n_sales": 185, "risk": 30.56, "risk_score": 30.548731, "cluster": 2, "cluster_name": "heat-exposed, affordable", "price_baseline": 12653.09, "discount_SSP2_2035": 0.015121623, "price_future_SSP2_2035": 12461.754, "verdict_SSP2_2035": "Buy", "discount_SSP2_2045": 0.025202705, "price_future_SSP2_2045": 12334.198, "verdict_SSP2_2045": "Buy", "discount_SSP5_2035": 0.027493859, "price_future_SSP5_2035": 12305.208, "verdict_SSP5_2035": "Buy", "discount_SSP5_2045": 0.045823097, "price_future_SSP5_2045": 12073.286, "verdict_SSP5_2045": "Caution" }, "geometry": { "type": "Polygon", "coordinates": [ [ [ 2.388125, 48.825875 ], [ 2.388125, 48.8313125 ], [ 2.3775, 48.8313125 ], [ 2.3775, 48.825875 ], [ 2.388125, 48.825875 ] ] ] } },
{ "type": "Feature", "properties": { "zone_id": "751203", "price_m2": 10346.0, "heat_score": 73.8, "flood_score": 19.2, "elevation": 53.7, "dist_seine": 2.33, "n_sales": 271, "risk": 41.04, "risk_score": 41.036354, "cluster": 2, "cluster_name": "heat-exposed, affordable", "price_baseline": 10371.693, "discount_SSP2_2035": 0.020312998, "price_future_SSP2_2035": 10161.013, "verdict_SSP2_2035": "Buy", "discount_SSP2_2045": 0.033854995, "price_future_SSP2_2045": 10020.56, "verdict_SSP2_2045": "Buy", "discount_SSP5_2035": 0.036932722, "price_future_SSP5_2035": 9988.6387, "verdict_SSP5_2035": "Buy", "discount_SSP5_2045": 0.061554536, "price_future_SSP5_2045": 9733.2686, "verdict_SSP5_2045": "Caution" }, "geometry": { "type": "Polygon", "coordinates": [ [ [ 2.388125, 48.8313125 ], [ 2.388125, 48.83675 ], [ 2.3775, 48.83675 ], [ 2.3775, 48.8313125 ], [ 2.388125, 48.8313125 ] ] ] } },
{ "type": "Feature", "properties": { "zone_id": "751204", "price_m2": 9832.0, "heat_score": 80.2, "flood_score": 17.0, "elevation": 48.8, "dist_seine": 1.72, "n_sales": 105, "risk": 42.28, "risk_score": 40.518776, "cluster": 2, "cluster_name": "heat-exposed, affordable", "price_baseline": 9797.3545, "discount_SSP2_2035": 0.020056795, "price_future_SSP2_2035": 9600.8506, "verdict_SSP2_2035": "Buy", "discount_SSP2_2045": 0.033427991, "price_future_SSP2_2045": 9469.8486, "verdict_SSP2_2045": "Buy", "discount_SSP5_2035": 0.0364669, "price_future_SSP5_2035": 9440.0752, "verdict_SSP5_2035": "Buy", "discount_SSP5_2045": 0.060778167, "price_future_SSP5_2045": 9201.8896, "verdict_SSP5_2045": "Caution" }, "geometry": { "type": "Polygon", "coordinates": [ [ [ 2.388125, 48.83675 ], [ 2.388125, 48.8421875 ], [ 2.3775, 48.8421875 ], [ 2.3775, 48.83675 ], [ 2.388125, 48.83675 ] ] ] } },
{ "type": "Feature", "properties": { "zone_id": "751205", "price_m2": 12526.0, "heat_score": 69.1, "flood_score": 38.5, "elevation": 44.3, "dist_seine": 1.12, "n_sales": 359, "risk": 50.74, "risk_score": 50.708401, "cluster": 0, "cluster_name": "expensive", "price_baseline": 12518.716, "discount_SSP2_2035": 0.025100661, "price_future_SSP2_2035": 12204.488, "verdict_SSP2_2035": "Buy", "discount_SSP2_2045": 0.041834433, "price_future_SSP2_2045": 11995.003, "verdict_SSP2_2045": "Caution", "discount_SSP5_2035": 0.045637563, "price_future_SSP5_2035": 11947.393, "verdict_SSP5_2035": "Caution", "discount_SSP5_2045": 0.076062605, "price_future_SSP5_2045": 11566.51, "verdict_SSP5_2045": "Caution" }, "geometry": { "type": "Polygon", "coordinates": [ [ [ 2.388125, 48.8421875 ], [ 2.388125, 48.847625 ], [ 2.3775, 48.847625 ], [ 2.3775, 48.8421875 ], [ 2.388125, 48.8421875 ] ] ] } },
{ "type": "Feature", "properties": { "zone_id": "751206", "price_m2": 12037.0, "heat_score": 56.2, "flood_score": 68.9, "elevation": 39.7, "dist_seine": 0.52, "n_sales": 165, "risk": 63.82, "risk_score": 62.920235, "cluster": 3, "cluster_name": "flood-exposed, expensive", "price_baseline": 12115.818, "discount_SSP2_2035": 0.031145519, "price_future_SSP2_2035": 11738.465, "verdict_SSP2_2035": "Buy", "discount_SSP2_2045": 0.051909197, "price_future_SSP2_2045": 11486.896, "verdict_SSP2_2045": "Caution", "discount_SSP5_2035": 0.056628216, "price_future_SSP5_2035": 11429.721, "verdict_SSP5_2035": "Caution", "discount_SSP5_2045": 0.094380356, "price_future_SSP5_2045": 10972.323, "verdict_SSP5_2045": "Avoid" }, "geometry": { "type": "Polygon", "coordinates": [ [ [ 2.388125, 48.847625 ], [ 2.388125, 48.8530625 ], [ 2.3775, 48.8530625 ], [ 2.3775, 48.847625 ], [ 2.388125, 48.847625 ] ] ] } },
{ "type": "Feature", "properties": { "zone_id": "751207", "price_m2": 13595.0, "heat_score": 65.4, "flood_score": 89.9, "elevation": 32.2, "dist_seine": 0.09, "n_sales": 68, "risk": 80.1, "risk_score": 80.10408, "cluster": 3, "cluster_name": "flood-exposed, expensive", "price_baseline": 13602.938, "discount_SSP2_2035": 0.039651528, "price_future_SSP2_2035": 13063.562, "verdict_SSP2_2035": "Buy", "discount_SSP2_2045": 0.066085875, "price_future_SSP2_2045": 12703.977, "verdict_SSP2_2045": "Caution", "discount_SSP5_2035": 0.072093681, "price_future_SSP5_2035": 12622.253, "verdict_SSP5_2035": "Caution", "discount_SSP5_2045": 0.12015613, "price_future_SSP5_2045": 11968.462, "verdict_SSP5_2045": "Avoid" }, "geometry": { "type": "Polygon", "coordinates": [ [ [ 2.388125, 48.8530625 ], [ 2.388125, 48.8585 ], [ 2.3775, 48.8585 ], [ 2.3775, 48.8530625 ], [ 2.388125, 48.8530625 ] ] ] } },
{ "type": "Feature", "properties": { "zone_id": "751208", "price_m2": 13766.0, "heat_score": 76.8, "flood_score": 50.3, "elevation": 39.9, "dist_seine": 0.69, "n_sales": 293, "risk": 60.9, "risk_score": 57.448654, "cluster": 3, "cluster_name": "flood-exposed, expensive", "price_baseline": 13741.991, "discount_SSP2_2035": 0.028437085, "price_future_SSP2_2035": 13351.209, "verdict_SSP2_2035": "Buy", "discount_SSP2_2045": 0.04739514, "price_future_SSP2_2045": 13090.688, "verdict_SSP2_2045": "Caution", "discount_SSP5_2035": 0.051703792, "price_future_SSP5_2035": 13031.478, "verdict_SSP5_2035": "Caution", "discount_SSP5_2045": 0.086172983, "price_future_SSP5_2045": 12557.803, "verdict_SSP5_2045": "Avoid" }, "geometry": { "type": "Polygon", "coordinates": [ [ [ 2.388125, 48.8585 ], [ 2.388125, 48.8639375 ], [ 2.3775, 48.8639375 ], [ 2.3775, 48.8585 ], [ 2.388125, 48.8585 ] ] ] } },
{ "type": "Feature", "properties": { "zone_id": "751209", "price_m2": 11356.0, "heat_score": 30.0, "flood_score": 33.8, "elevation": 48.0, "dist_seine": 1.29, "n_sales": 111, "risk": 32.28, "risk_score": 32.277126, "cluster": 0, "cluster_name": "expensive", "price_baseline": 11352.464, "discount_SSP2_2035": 0.01597718, "price_future_SSP2_2035": 11171.083, "verdict_SSP2_2035": "Buy", "discount_SSP2_2045": 0.02662863, "price_future_SSP2_2045": 11050.163, "verdict_SSP2_2045": "Buy", "discount_SSP5_2035": 0.029049415, "price_future_SSP5_2035": 11022.682, "verdict_SSP5_2035": "Buy", "discount_SSP5_2045": 0.048415691, "price_future_SSP5_2045": 10802.827, "verdict_SSP5_2045": "Caution" }, "geometry": { "type": "Polygon", "coordinates": [ [ [ 2.388125, 48.8639375 ], [ 2.388125, 48.869375 ], [ 2.3775, 48.869375 ], [ 2.3775, 48.8639375 ], [ 2.388125, 48.8639375 ] ] ] } },
{ "type": "Feature", "properties": { "zone_id": "751210", "price_m2": 11650.0, "heat_score": 67.7, "flood_score": 12.2, "elevation": 44.4, "dist_seine": 1.9, "n_sales": 199, "risk": 34.4, "risk_score": 34.400745, "cluster": 0, "cluster_name": "expensive", "price_baseline": 11689.222, "discount_SSP2_2035": 0.017028371, "price_future_SSP2_2035": 11490.173, "verdict_SSP2_2035": "Buy", "discount_SSP2_2045": 0.028380617, "price_future_SSP2_2045": 11357.475, "verdict_SSP2_2045": "Buy", "discount_SSP5_2035": 0.030960675, "price_future_SSP5_2035": 11327.315, "verdict_SSP5_2035": "Buy", "discount_SSP5_2045": 0.051601123, "price_future_SSP5_2045": 11086.045, "verdict_SSP5_2045": "Caution" }, "geometry": { "type": "Polygon", "coordinates": [ [ [ 2.388125, 48.869375 ], [ 2.388125, 48.8748125 ], [ 2.3775, 48.8748125 ], [ 2.3775, 48.869375 ], [ 2.388125, 48.869375 ] ] ] } },
{ "type": "Feature", "properties": { "zone_id": "751211", "price_m2": 10508.0, "heat_score": 71.1, "flood_score": 11.3, "elevation": 54.5, "dist_seine": 2.5, "n_sales": 253, "risk": 35.22, "risk_score": 35.20166, "cluster": 2, "cluster_name": "heat-exposed, affordable", "price_baseline": 10719.966, "discount_SSP2_2035": 0.017424824, "price_future_SSP2_2035": 10533.172, "verdict_SSP2_2035": "Buy", "discount_SSP2_2045": 0.02904137, "price_future_SSP2_2045": 10408.644, "verdict_SSP2_2045": "Buy", "discount_SSP5_2035": 0.031681497, "price_future_SSP5_2035": 10380.342, "verdict_SSP5_2035": "Buy", "discount_SSP5_2045": 0.052802492, "price_future_SSP5_2045": 10153.925, "verdict_SSP5_2045": "Caution" }, "geometry": { "type": "Polygon", "coordinates": [ [ [ 2.388125, 48.8748125 ], [ 2.388125, 48.88025 ], [ 2.3775, 48.88025 ], [ 2.3775, 48.8748125 ], [ 2.388125, 48.8748125 ] ] ] } },
{ "type": "Feature", "properties": { "zone_id": "751212", "price_m2": 11203.0, "heat_score": 60.3, "flood_score": 10.6, "elevation": 65.9, "dist_seine": 3.1, "n_sales": 94, "risk": 30.48, "risk_score": 30.484821, "cluster": 2, "cluster_name": "heat-exposed, affordable", "price_baseline": 11274.507, "discount_SSP2_2035": 0.015089988, "price_future_SSP2_2035": 11104.375, "verdict_SSP2_2035": "Buy", "discount_SSP2_2045": 0.025149979, "price_future_SSP2_2045": 10990.953, "verdict_SSP2_2045": "Buy", "discount_SSP5_2035": 0.027436342, "price_future_SSP5_2035": 10965.176, "verdict_SSP5_2035": "Buy", "discount_SSP5_2045": 0.045727234, "price_future_SSP5_2045": 10758.955, "verdict_SSP5_2045": "Caution" }, "geometry": { "type": "Polygon", "coordinates": [ [ [ 2.388125, 48.88025 ], [ 2.388125, 48.8856875 ], [ 2.3775, 48.8856875 ], [ 2.3775, 48.88025 ], [ 2.388125, 48.88025 ] ] ] } },
{ "type": "Feature", "properties": { "zone_id": "751213", "price_m2": 11610.0, "heat_score": 71.4, "flood_score": 0.0, "elevation": 65.4, "dist_seine": 3.71, "n_sales": 321, "risk": 28.56, "risk_score": 28.575449, "cluster": 2, "cluster_name": "heat-exposed, affordable", "price_baseline": 11420.785, "discount_SSP2_2035": 0.014144849, "price_future_SSP2_2035": 11259.24, "verdict_SSP2_2035": "Buy", "discount_SSP2_2045": 0.023574747, "price_future_SSP2_2045": 11151.543, "verdict_SSP2_2045": "Buy", "discount_SSP5_2035": 0.025717907, "price_future_SSP5_2035": 11127.066, "verdict_SSP5_2035": "Buy", "discount_SSP5_2045": 0.042863175, "price_future_SSP5_2045": 10931.254, "verdict_SSP5_2045": "Caution" }, "geometry": { "type": "Polygon", "coordinates": [ [ [ 2.388125, 48.8856875 ], [ 2.388125, 48.891125 ], [ 2.3775, 48.891125 ], [ 2.3775, 48.8856875 ], [ 2.388125, 48.8856875 ] ] ] } },
{ "type": "Feature", "properties": { "zone_id": "751214", "price_m2": 9931.0, "heat_score": 52.8, "flood_score": 9.6, "elevation": 70.7, "dist_seine": 4.31, "n_sales": 303, "risk": 26.88, "risk_score": 26.890207, "cluster": 1, "cluster_name": "affordable", "price_baseline": 9932.3516, "discount_SSP2_2035": 0.013310654, "price_future_SSP2_2035": 9800.1455, "verdict_SSP2_2035": "Buy", "discount_SSP2_2045": 0.022184422, "price_future_SSP2_2045": 9712.0078, "verdict_SSP2_2045": "Buy", "discount_SSP5_2035": 0.024201188, "price_future_SSP5_2035": 9691.9766, "verdict_SSP5_2035": "Buy", "discount_SSP5_2045": 0.040335312, "price_future_SSP5_2045": 9531.7275, "verdict_SSP5_2045": "Caution" }, "geometry": { "type": "Polygon", "coordinates": [ [ [ 2.388125, 48.891125 ], [ 2.388125, 48.8965625 ], [ 2.3775, 48.8965625 ], [ 2.3775, 48.891125 ], [ 2.388125, 48.891125 ] ] ] } },
{ "type": "Feature", "properties": { "zone_id": "751215", "price_m2": 11707.0, "heat_score": 57.7, "flood_score": 0.0, "elevation": 76.6, "dist_seine": 4.92, "n_sales": 42, "risk": 23.08, "risk_score": 24.02013, "cluster": 2, "cluster_name": "heat-exposed, affordable", "price_baseline": 11717.222, "discount_SSP2_2035": 0.011889965, "price_future_SSP2_2035": 11577.904, "verdict_SSP2_2035": "Buy", "discount_SSP2_2045": 0.019816607, "price_future_SSP2_2045": 11485.025, "verdict_SSP2_2045": "Buy", "discount_SSP5_2035": 0.021618119, "price_future_SSP5_2035": 11463.917, "verdict_SSP5_2035": "Buy", "discount_SSP5_2045": 0.036030196, "price_future_SSP5_2045": 11295.048, "verdict_SSP5_2045": "Buy" }, "geometry": { "type": "Polygon", "coordinates": [ [ [ 2.388125, 48.8965625 ], [ 2.388125, 48.902 ], [ 2.3775, 48.902 ], [ 2.3775, 48.8965625 ], [ 2.388125, 48.8965625 ] ] ] } },
{ "type": "Feature", "properties": { "zone_id": "751300", "price_m2": 9491.0, "heat_score": 55.7, "flood_score": 2.5, "elevation": 65.3, "dist_seine": 4.14, "n_sales": 150, "risk": 23.78, "risk_score": 23.769224, "cluster": 1, "cluster_name": "affordable", "price_baseline": 9617.1211, "discount_SSP2_2035": 0.011765768, "price_future_SSP2_2035": 9503.9678, "verdict_SSP2_2035": "Buy", "discount_SSP2_2045": 0.019609611, "price_future_SSP2_2045": 9428.5332, "verdict_SSP2_2045": "Buy", "discount_SSP5_2035": 0.021392303, "price_future_SSP5_2035": 9411.3887, "verdict_SSP5_2035": "Buy", "discount_SSP5_2045": 0.035653837, "price_future_SSP5_2045": 9274.2344, "verdict_SSP5_2045": "Buy" }, "geometry": { "type": "Polygon", "coordinates": [ [ [ 2.39875, 48.815 ], [ 2.39875, 48.8204375 ], [ 2.388125, 48.8204375 ], [ 2.388125, 48.815 ], [ 2.39875, 48.815 ] ] ] } },
{ "type": "Feature", "properties": { "zone_id": "751301", "price_m2": 10413.0, "heat_score": 47.0, "flood_score": 6.1, "elevation": 64.3, "dist_seine": 3.53, "n_sales": 386, "risk": 22.46, "risk_score": 22.464066, "cluster": 1, "cluster_name": "affordable", "price_baseline": 10436.889, "discount_SSP2_2035": 0.011119714, "price_future_SSP2_2035": 10320.833, "verdict_SSP2_2035": "Buy", "discount_SSP2_2045": 0.018532855, "price_future_SSP2_2045": 10243.463, "verdict_SSP2_2045": "Buy", "discount_SSP5_2035": 0.020217661, "price_future_SSP5_2035": 10225.879, "verdict_SSP5_2035": "Buy", "discount_SSP5_2045": 0.0336961, "price_future_SSP5_2045": 10085.206, "verdict_SSP5_2045": "Buy" }, "geometry": { "type": "Polygon", "coordinates": [ [ [ 2.39875, 48.8204375 ], [ 2.39875, 48.825875 ], [ 2.388125, 48.825875 ], [ 2.388125, 48.8204375 ], [ 2.39875, 48.8204375 ] ] ] } },
{ "type": "Feature", "properties": { "zone_id": "751302", "price_m2": 11858.0, "heat_score": 82.2, "flood_score": 1.4, "elevation": 59.5, "dist_seine": 2.93, "n_sales": 361, "risk": 33.72, "risk_score": 33.716812, "cluster": 2, "cluster_name": "heat-exposed, affordable", "price_baseline": 11882.423, "discount_SSP2_2035": 0.016689826, "price_future_SSP2_2035": 11684.107, "verdict_SSP2_2035": "Buy", "discount_SSP2_2045": 0.027816374, "price_future_SSP2_2045": 11551.897, "verdict_SSP2_2045": "Buy", "discount_SSP5_2035": 0.030345134, "price_future_SSP5_2035": 11521.849, "verdict_SSP5_2035": "Buy", "discount_SSP5_2045": 0.050575223, "price_future_SSP5_2045": 11281.467, "verdict_SSP5_2045": "Caution" }, "geometry": { "type": "Polygon", "coordinates": [ [ [ 2.39875, 48.825875 ], [ 2.39875, 48.8313125 ], [ 2.388125, 48.8313125 ], [ 2.388125, 48.825875 ], [ 2.39875, 48.825875 ] ] ] } },
{ "type": "Feature", "properties": { "zone_id": "751303", "price_m2": 10264.0, "heat_score": 49.7, "flood_score": 17.1, "elevation": 56.4, "dist_seine": 2.33, "n_sales": 217, "risk": 30.14, "risk_score": 30.141113, "cluster": 1, "cluster_name": "affordable", "price_baseline": 10365.097, "discount_SSP2_2035": 0.014919852, "price_future_SSP2_2035": 10210.451, "verdict_SSP2_2035": "Buy", "discount_SSP2_2045": 0.024866419, "price_future_SSP2_2045": 10107.354, "verdict_SSP2_2045": "Buy", "discount_SSP5_2035": 0.027127003, "price_future_SSP5_2035": 10083.923, "verdict_SSP5_2035": "Buy", "discount_SSP5_2045": 0.045211669, "price_future_SSP5_2045": 9896.4736, "verdict_SSP5_2045": "Caution" }, "geometry": { "type": "Polygon", "coordinates": [ [ [ 2.39875, 48.8313125 ], [ 2.39875, 48.83675 ], [ 2.388125, 48.83675 ], [ 2.388125, 48.8313125 ], [ 2.39875, 48.8313125 ] ] ] } },
{ "type": "Feature", "properties": { "zone_id": "751304", "price_m2": 11920.0, "heat_score": 78.3, "flood_score": 21.5, "elevation": 49.9, "dist_seine": 1.72, "n_sales": 267, "risk": 44.22, "risk_score": 44.217995, "cluster": 0, "cluster_name": "expensive", "price_baseline": 11948.021, "discount_SSP2_2035": 0.02188791, "price_future_SSP2_2035": 11686.505, "verdict_SSP2_2035": "Buy", "discount_SSP2_2045": 0.036479849, "price_future_SSP2_2045": 11512.16, "verdict_SSP2_2045": "Buy", "discount_SSP5_2035": 0.0397962, "price_future_SSP5_2035": 11472.536, "verdict_SSP5_2035": "Buy", "discount_SSP5_2045": 0.066326998, "price_future_SSP5_2045": 11155.545, "verdict_SSP5_2045": "Caution" }, "geometry": { "type": "Polygon", "coordinates": [ [ [ 2.39875, 48.83675 ], [ 2.39875, 48.8421875 ], [ 2.388125, 48.8421875 ], [ 2.388125, 48.83675 ], [ 2.39875, 48.83675 ] ] ] } },
{ "type": "Feature", "properties": { "zone_id": "751305", "price_m2": 10595.0, "heat_score": 33.4, "flood_score": 40.5, "elevation": 47.8, "dist_seine": 1.12, "n_sales": 173, "risk": 37.66, "risk_score": 37.675018, "cluster": 0, "cluster_name": "expensive", "price_baseline": 10701.511, "discount_SSP2_2035": 0.018649135, "price_future_SSP2_2035": 10501.937, "verdict_SSP2_2035": "Buy", "discount_SSP2_2045": 0.031081891, "price_future_SSP2_2045": 10368.888, "verdict_SSP2_2045": "Buy", "discount_SSP5_2035": 0.033907518, "price_future_SSP5_2035": 10338.648, "verdict_SSP5_2035": "Buy", "discount_SSP5_2045": 0.056512527, "price_future_SSP5_2045": 10096.741, "verdict_SSP5_2045": "Caution" }, "geometry": { "type": "Polygon", "coordinates": [ [ [ 2.39875, 48.8421875 ], [ 2.39875, 48.847625 ], [ 2.388125, 48.847625 ], [ 2.388125, 48.8421875 ], [ 2.39875, 48.8421875 ] ] ] } },
{ "type": "Feature", "properties": { "zone_id": "751306", "price_m2": 12497.0, "heat_score": 39.7, "flood_score": 63.4, "elevation": 38.0, "dist_seine": 0.52, "n_sales": 248, "risk": 53.92, "risk_score": 53.910442, "cluster": 3, "cluster_name": "flood-exposed, expensive", "price_baseline": 12459.014, "discount_SSP2_2035": 0.026685672, "price_future_SSP2_2035": 12126.537, "verdict_SSP2_2035": "Buy", "discount_SSP2_2045": 0.044476118, "price_future_SSP2_2045": 11904.886, "verdict_SSP2_2045": "Caution", "discount_SSP5_2035": 0.048519403, "price_future_SSP5_2035": 11854.51, "verdict_SSP5_2035": "Caution", "discount_SSP5_2045": 0.080865666, "price_future_SSP5_2045": 11451.507, "verdict_SSP5_2045": "Avoid" }, "geometry": { "type": "Polygon", "coordinates": [ [ [ 2.39875, 48.847625 ], [ 2.39875, 48.8530625 ], [ 2.388125, 48.8530625 ], [ 2.388125, 48.847625 ], [ 2.39875, 48.847625 ] ] ] } },
{ "type": "Feature", "properties": { "zone_id": "751307", "price_m2": 12892.0, "heat_score": 63.0, "flood_score": 92.8, "elevation": 30.4, "dist_seine": 0.09, "n_sales": 124, "risk": 80.88, "risk_score": 80.877762, "cluster": 3, "cluster_name": "flood-exposed, expensive", "price_baseline": 12906.292, "discount_SSP2_2035": 0.040034495, "price_future_SSP2_2035": 12389.596, "verdict_SSP2_2035": "Caution", "discount_SSP2_2045": 0.066724159, "price_future_SSP2_2045": 12045.13, "verdict_SSP2_2045": "Caution", "discount_SSP5_2035": 0.072789989, "price_future_SSP5_2035": 11966.844, "verdict_SSP5_2035": "Caution", "discount_SSP5_2045": 0.12131665, "price_future_SSP5_2045": 11340.544, "verdict_SSP5_2045": "Avoid" }, "geometry": { "type": "Polygon", "coordinates": [ [ [ 2.39875, 48.8530625 ], [ 2.39875, 48.8585 ], [ 2.388125, 48.8585 ], [ 2.388125, 48.8530625 ], [ 2.39875, 48.8530625 ] ] ] } },
{ "type": "Feature", "properties": { "zone_id": "751308", "price_m2": 13981.0, "heat_score": 57.8, "flood_score": 52.5, "elevation": 41.1, "dist_seine": 0.69, "n_sales": 114, "risk": 54.62, "risk_score": 54.598442, "cluster": 3, "cluster_name": "flood-exposed, expensive", "price_baseline": 13861.476, "discount_SSP2_2035": 0.027026232, "price_future_SSP2_2035": 13486.853, "verdict_SSP2_2035": "Buy", "discount_SSP2_2045": 0.045043718, "price_future_SSP2_2045": 13237.104, "verdict_SSP2_2045": "Caution", "discount_SSP5_2035": 0.049138602, "price_future_SSP5_2035": 13180.342, "verdict_SSP5_2035": "Caution", "discount_SSP5_2045": 0.081897669, "price_future_SSP5_2045": 12726.253, "verdict_SSP5_2045": "Avoid" }, "geometry": { "type": "Polygon", "coordinates": [ [ [ 2.39875, 48.8585 ], [ 2.39875, 48.8639375 ], [ 2.388125, 48.8639375 ], [ 2.388125, 48.8585 ], [ 2.39875, 48.8585 ] ] ] } },
{ "type": "Feature", "properties": { "zone_id": "751309", "price_m2": 12785.0, "heat_score": 34.9, "flood_score": 42.0, "elevation": 45.8, "dist_seine": 1.29, "n_sales": 342, "risk": 39.16, "risk_score": 39.146088, "cluster": 0, "cluster_name": "expensive", "price_baseline": 12798.004, "discount_SSP2_2035": 0.019377315, "price_future_SSP2_2035": 12550.014, "verdict_SSP2_2035": "Buy", "discount_SSP2_2045": 0.032295525, "price_future_SSP2_2045": 12384.686, "verdict_SSP2_2045": "Buy", "discount_SSP5_2035": 0.035231482, "price_future_SSP5_2035": 12347.111, "verdict_SSP5_2035": "Buy", "discount_SSP5_2045": 0.058719132, "price_future_SSP5_2045": 12046.516, "verdict_SSP5_2045": "Caution" }, "geometry": { "type": "Polygon", "coordinates": [ [ [ 2.39875, 48.8639375 ], [ 2.39875, 48.869375 ], [ 2.388125, 48.869375 ], [ 2.388125, 48.8639375 ], [ 2.39875, 48.8639375 ] ] ] } },
{ "type": "Feature", "properties": { "zone_id": "751310", "price_m2": 11113.0, "heat_score": 52.7, "flood_score": 22.0, "elevation": 49.6, "dist_seine": 1.9, "n_sales": 37, "risk": 34.28, "risk_score": 34.299603, "cluster": 0, "cluster_name": "expensive", "price_baseline": 11307.752, "discount_SSP2_2035": 0.016978305, "price_future_SSP2_2035": 11115.766, "verdict_SSP2_2035": "Buy", "discount_SSP2_2045": 0.028297175, "price_future_SSP2_2045": 10987.774, "verdict_SSP2_2045": "Buy", "discount_SSP5_2035": 0.030869646, "price_future_SSP5_2035": 10958.686, "verdict_SSP5_2035": "Buy", "discount_SSP5_2045": 0.051449407, "price_future_SSP5_2045": 10725.975, "verdict_SSP5_2045": "Caution" }, "geometry": { "type": "Polygon", "coordinates": [ [ [ 2.39875, 48.869375 ], [ 2.39875, 48.8748125 ], [ 2.388125, 48.8748125 ], [ 2.388125, 48.869375 ], [ 2.39875, 48.869375 ] ] ] } },
{ "type": "Feature", "properties": { "zone_id": "751311", "price_m2": 11914.0, "heat_score": 48.7, "flood_score": 0.4, "elevation": 58.5, "dist_seine": 2.5, "n_sales": 331, "risk": 19.72, "risk_score": 19.727057, "cluster": 1, "cluster_name": "affordable", "price_baseline": 11960.881, "discount_SSP2_2035": 0.0097648939, "price_future_SSP2_2035": 11844.084, "verdict_SSP2_2035": "Buy", "discount_SSP2_2045": 0.016274823, "price_future_SSP2_2045": 11766.22, "verdict_SSP2_2045": "Buy", "discount_SSP5_2035": 0.017754352, "price_future_SSP5_2035": 11748.522, "verdict_SSP5_2035": "Buy", "discount_SSP5_2045": 0.029590586, "price_future_SSP5_2045": 11606.951, "verdict_SSP5_2045": "Buy" }, "geometry": { "type": "Polygon", "coordinates": [ [ [ 2.39875, 48.8748125 ], [ 2.39875, 48.88025 ], [ 2.388125, 48.88025 ], [ 2.388125, 48.8748125 ], [ 2.39875, 48.8748125 ] ] ] } },
{ "type": "Feature", "properties": { "zone_id": "751312", "price_m2": 10302.0, "heat_score": 71.4, "flood_score": 4.1, "elevation": 59.1, "dist_seine": 3.1, "n_sales": 148, "risk": 31.02, "risk_score": 31.015123, "cluster": 2, "cluster_name": "heat-exposed, affordable", "price_baseline": 10471.375, "discount_SSP2_2035": 0.015352487, "price_future_SSP2_2035": 10310.613, "verdict_SSP2_2035": "Buy", "discount_SSP2_2045": 0.025587477, "price_future_SSP2_2045": 10203.438, "verdict_SSP2_2045": "Buy", "discount_SSP5_2035": 0.027913611, "price_future_SSP5_2035": 10179.081, "verdict_SSP5_2035": "Buy", "discount_SSP5_2045": 0.046522684, "price_future_SSP5_2045": 9984.2188, "verdict_SSP5_2045": "Caution" }, "geometry": { "type": "Polygon", "coordinates": [ [ [ 2.39875, 48.88025 ], [ 2.39875, 48.8856875 ], [ 2.388125, 48.8856875 ], [ 2.388125, 48.88025 ], [ 2.39875, 48.88025 ] ] ] } },
{ "type": "Feature", "properties": { "zone_id": "751313", "price_m2": 12968.0, "heat_score": 68.6, "flood_score": 0.0, "elevation": 64.4, "dist_seine": 3.71, "n_sales": 322, "risk": 27.44, "risk_score": 27.450731, "cluster": 2, "cluster_name": "heat-exposed, affordable", "price_baseline": 12856.387, "discount_SSP2_2035": 0.013588114, "price_future_SSP2_2035": 12681.692, "verdict_SSP2_2035": "Buy", "discount_SSP2_2045": 0.022646856, "price_future_SSP2_2045": 12565.23, "verdict_SSP2_2045": "Buy", "discount_SSP5_2035": 0.024705661, "price_future_SSP5_2035": 12538.762, "verdict_SSP5_2035": "Buy", "discount_SSP5_2045": 0.041176099, "price_future_SSP5_2045": 12327.011, "verdict_SSP5_2045": "Caution" }, "geometry": { "type": "Polygon", "coordinates": [ [ [ 2.39875, 48.8856875 ], [ 2.39875, 48.891125 ], [ 2.388125, 48.891125 ], [ 2.388125, 48.8856875 ], [ 2.39875, 48.8856875 ] ] ] } },
{ "type": "Feature", "properties": { "zone_id": "751314", "price_m2": 10907.0, "heat_score": 70.0, "flood_score": 8.7, "elevation": 67.4, "dist_seine": 4.31, "n_sales": 251, "risk": 33.22, "risk_score": 32.264194, "cluster": 2, "cluster_name": "heat-exposed, affordable", "price_baseline": 10860.556, "discount_SSP2_2035": 0.015970778, "price_future_SSP2_2035": 10687.104, "verdict_SSP2_2035": "Buy", "discount_SSP2_2045": 0.026617961, "price_future_SSP2_2045": 10571.47, "verdict_SSP2_2045": "Buy", "discount_SSP5_2035": 0.029037777, "price_future_SSP5_2035": 10545.189, "verdict_SSP5_2035": "Buy", "discount_SSP5_2045": 0.048396293, "price_future_SSP5_2045": 10334.945, "verdict_SSP5_2045": "Caution" }, "geometry": { "type": "Polygon", "coordinates": [ [ [ 2.39875, 48.891125 ], [ 2.39875, 48.8965625 ], [ 2.388125, 48.8965625 ], [ 2.388125, 48.891125 ], [ 2.39875, 48.891125 ] ] ] } },
{ "type": "Feature", "properties": { "zone_id": "751315", "price_m2": 9972.0, "heat_score": 30.0, "flood_score": 2.3, "elevation": 75.4, "dist_seine": 4.92, "n_sales": 392, "risk": 13.38, "risk_score": 13.42826, "cluster": 1, "cluster_name": "affordable", "price_baseline": 9959.0664, "discount_SSP2_2035": 0.0066469898, "price_future_SSP2_2035": 9892.8682, "verdict_SSP2_2035": "Buy", "discount_SSP2_2045": 0.011078316, "price_future_SSP2_2045": 9848.7373, "verdict_SSP2_2045": "Buy", "discount_SSP5_2035": 0.012085435, "price_future_SSP5_2035": 9838.707, "verdict_SSP5_2035": "Buy", "discount_SSP5_2045": 0.020142391, "price_future_SSP5_2045": 9758.4668, "verdict_SSP5_2045": "Buy" }, "geometry": { "type": "Polygon", "coordinates": [ [ [ 2.39875, 48.8965625 ], [ 2.39875, 48.902 ], [ 2.388125, 48.902 ], [ 2.388125, 48.8965625 ], [ 2.39875, 48.8965625 ] ] ] } },
{ "type": "Feature", "properties": { "zone_id": "751400", "price_m2": 10285.0, "heat_score": 77.7, "flood_score": 1.8, "elevation": 66.2, "dist_seine": 4.14, "n_sales": 330, "risk": 32.16, "risk_score": 32.170753, "cluster": 2, "cluster_name": "heat-exposed, affordable", "price_baseline": 10227.535, "discount_SSP2_2035": 0.015924525, "price_future_SSP2_2035": 10064.667, "verdict_SSP2_2035": "Buy", "discount_SSP2_2045": 0.026540874, "price_future_SSP2_2045": 9956.0879, "verdict_SSP2_2045": "Buy", "discount_SSP5_2035": 0.028953681, "price_future_SSP5_2035": 9931.4102, "verdict_SSP5_2035": "Buy", "discount_SSP5_2045": 0.048256133, "price_future_SSP5_2045": 9733.9932, "verdict_SSP5_2045": "Caution" }, "geometry": { "type": "Polygon", "coordinates": [ [ [ 2.409375, 48.815 ], [ 2.409375, 48.8204375 ], [ 2.39875, 48.8204375 ], [ 2.39875, 48.815 ], [ 2.409375, 48.815 ] ] ] } },
{ "type": "Feature", "properties": { "zone_id": "751401", "price_m2": 8827.0, "heat_score": 54.7, "flood_score": 6.5, "elevation": 62.8, "dist_seine": 3.53, "n_sales": 348, "risk": 25.78, "risk_score": 25.795242, "cluster": 1, "cluster_name": "affordable", "price_baseline": 8937.5977, "discount_SSP2_2035": 0.012768647, "price_future_SSP2_2035": 8823.4766, "verdict_SSP2_2035": "Buy", "discount_SSP2_2045": 0.021281077, "price_future_SSP2_2045": 8747.3965, "verdict_SSP2_2045": "Buy", "discount_SSP5_2035": 0.02321572, "price_future_SSP5_2035": 8730.1045, "verdict_SSP5_2035": "Buy", "discount_SSP5_2045": 0.038692866, "price_future_SSP5_2045": 8591.7764, "verdict_SSP5_2045": "Buy" }, "geometry": { "type": "Polygon", "coordinates": [ [ [ 2.409375, 48.8204375 ], [ 2.409375, 48.825875 ], [ 2.39875, 48.825875 ], [ 2.39875, 48.8204375 ], [ 2.409375, 48.8204375 ] ] ] } },
{ "type": "Feature", "properties": { "zone_id": "751402", "price_m2": 10617.0, "heat_score": 74.6, "flood_score": 6.0, "elevation": 53.2, "dist_seine": 2.93, "n_sales": 149, "risk": 33.44, "risk_score": 33.445057, "cluster": 2, "cluster_name": "heat-exposed, affordable", "price_baseline": 10658.851, "discount_SSP2_2035": 0.016555304, "price_future_SSP2_2035": 10482.39, "verdict_SSP2_2035": "Buy", "discount_SSP2_2045": 0.027592173, "price_future_SSP2_2045": 10364.75, "verdict_SSP2_2045": "Buy", "discount_SSP5_2035": 0.030100552, "price_future_SSP5_2035": 10338.014, "verdict_SSP5_2035": "Buy", "discount_SSP5_2045": 0.050167587, "price_future_SSP5_2045": 10124.122, "verdict_SSP5_2045": "Caution" }, "geometry": { "type": "Polygon", "coordinates": [ [ [ 2.409375, 48.825875 ], [ 2.409375, 48.8313125 ], [ 2.39875, 48.8313125 ], [ 2.39875, 48.825875 ], [ 2.409375, 48.825875 ] ] ] } },
{ "type": "Feature", "properties": { "zone_id": "751403", "price_m2": 11030.0, "heat_score": 59.0, "flood_score": 11.9, "elevation": 52.3, "dist_seine": 2.33, "n_sales": 384, "risk": 30.74, "risk_score": 30.737261, "cluster": 0, "cluster_name": "expensive", "price_baseline": 11135.597, "discount_SSP2_2035": 0.015214945, "price_future_SSP2_2035": 10966.17, "verdict_SSP2_2035": "Buy", "discount_SSP2_2045": 0.025358241, "price_future_SSP2_2045": 10853.218, "verdict_SSP2_2045": "Buy", "discount_SSP5_2035": 0.027663536, "price_future_SSP5_2035": 10827.547, "verdict_SSP5_2035": "Buy", "discount_SSP5_2045": 0.046105891, "price_future_SSP5_2045": 10622.181, "verdict_SSP5_2045": "Caution" }, "geometry": { "type": "Polygon", "coordinates": [ [ [ 2.409375, 48.8313125 ], [ 2.409375, 48.83675 ], [ 2.39875, 48.83675 ], [ 2.39875, 48.8313125 ], [ 2.409375, 48.8313125 ] ] ] } },
{ "type": "Feature", "properties": { "zone_id": "751404", "price_m2": 10247.0, "heat_score": 30.0, "flood_score": 28.9, "elevation": 48.5, "dist_seine": 1.72, "n_sales": 84, "risk": 29.34, "risk_score": 29.364208, "cluster": 1, "cluster_name": "affordable", "price_baseline": 10386.183, "discount_SSP2_2035": 0.014535284, "price_future_SSP2_2035": 10235.216, "verdict_SSP2_2035": "Buy", "discount_SSP2_2045": 0.024225472, "price_future_SSP2_2045": 10134.572, "verdict_SSP2_2045": "Buy", "discount_SSP5_2035": 0.026427789, "price_future_SSP5_2035": 10111.698, "verdict_SSP5_2035": "Buy", "discount_SSP5_2045": 0.044046313, "price_future_SSP5_2045": 9928.71, "verdict_SSP5_2045": "Caution" }, "geometry": { "type": "Polygon", "coordinates": [ [ [ 2.409375, 48.83675 ], [ 2.409375, 48.8421875 ], [ 2.39875, 48.8421875 ], [ 2.39875, 48.83675 ], [ 2.409375, 48.83675 ] ] ] } },
{ "type": "Feature", "properties": { "zone_id": "751405", "price_m2": 10924.0, "heat_score": 50.7, "flood_score": 36.4, "elevation": 39.8, "dist_seine": 1.12, "n_sales": 363, "risk": 42.12, "risk_score": 42.117607, "cluster": 0, "cluster_name": "expensive", "price_baseline": 10949.651, "discount_SSP2_2035": 0.020848218, "price_future_SSP2_2035": 10721.371, "verdict_SSP2_2035": "Buy", "discount_SSP2_2045": 0.034747031, "price_future_SSP2_2045": 10569.184, "verdict_SSP2_2045": "Buy", "discount_SSP5_2035": 0.03790585, "price_future_SSP5_2035": 10534.596, "verdict_SSP5_2035": "Buy", "discount_SSP5_2045": 0.063176416, "price_future_SSP5_2045": 10257.892, "verdict_SSP5_2045": "Caution" }, "geometry": { "type": "Polygon", "coordinates": [ [ [ 2.409375, 48.8421875 ], [ 2.409375, 48.847625 ], [ 2.39875, 48.847625 ], [ 2.39875, 48.8421875 ], [ 2.409375, 48.8421875 ] ] ] } },
{ "type": "Feature", "properties": { "zone_id": "751406", "price_m2": 11917.0, "heat_score": 30.0, "flood_score": 74.6, "elevation": 39.4, "dist_seine": 0.52, "n_sales": 175, "risk": 56.76, "risk_score": 56.773453, "cluster": 3, "cluster_name": "flood-exposed, expensive", "price_baseline": 12052.188, "discount_SSP2_2035": 0.028102862, "price_future_SSP2_2035": 11713.486, "verdict_SSP2_2035": "Buy", "discount_SSP2_2045": 0.046838101, "price_future_SSP2_2045": 11487.686, "verdict_SSP2_2045": "Caution", "discount_SSP5_2035": 0.051096112, "price_future_SSP5_2035": 11436.368, "verdict_SSP5_2035": "Caution", "discount_SSP5_2045": 0.085160181, "price_future_SSP5_2045": 11025.821, "verdict_SSP5_2045": "Avoid" }, "geometry": { "type": "Polygon", "coordinates": [ [ [ 2.409375, 48.847625 ], [ 2.409375, 48.8530625 ], [ 2.39875, 48.8530625 ], [ 2.39875, 48.847625 ], [ 2.409375, 48.847625 ] ] ] } },
{ "type": "Feature", "properties": { "zone_id": "751407", "price_m2": 12075.0, "heat_score": 56.3, "flood_score": 92.9, "elevation": 31.6, "dist_seine": 0.09, "n_sales": 355, "risk": 78.26, "risk_score": 78.265877, "cluster": 3, "cluster_name": "flood-exposed, expensive", "price_baseline": 12086.818, "discount_SSP2_2035": 0.038741615, "price_future_SSP2_2035": 11618.556, "verdict_SSP2_2035": "Buy", "discount_SSP2_2045": 0.064569354, "price_future_SSP2_2045": 11306.38, "verdict_SSP2_2045": "Caution", "discount_SSP5_2035": 0.070439294, "price_future_SSP5_2035": 11235.432, "verdict_SSP5_2035": "Caution", "discount_SSP5_2045": 0.11739882, "price_future_SSP5_2045": 10667.841, "verdict_SSP5_2045": "Avoid" }, "geometry": { "type": "Polygon", "coordinates": [ [ [ 2.409375, 48.8530625 ], [ 2.409375, 48.8585 ], [ 2.39875, 48.8585 ], [ 2.39875, 48.8530625 ], [ 2.409375, 48.8530625 ] ] ] } },
{ "type": "Feature", "properties": { "zone_id": "751408", "price_m2": 13212.0, "heat_score": 70.1, "flood_score": 52.2, "elevation": 36.6, "dist_seine": 0.69, "n_sales": 265, "risk": 59.36, "risk_score": 59.360855, "cluster": 3, "cluster_name": "flood-exposed, expensive", "price_baseline": 13216.121, "discount_SSP2_2035": 0.029383626, "price_future_SSP2_2035": 12827.784, "verdict_SSP2_2035": "Buy", "discount_SSP2_2045": 0.048972707, "price_future_SSP2_2045": 12568.892, "verdict_SSP2_2045": "Caution", "discount_SSP5_2035": 0.053424772, "price_future_SSP5_2035": 12510.053, "verdict_SSP5_2035": "Caution", "discount_SSP5_2045": 0.089041285, "price_future_SSP5_2045": 12039.341, "verdict_SSP5_2045": "Avoid" }, "geometry": { "type": "Polygon", "coordinates": [ [ [ 2.409375, 48.8585 ], [ 2.409375, 48.8639375 ], [ 2.39875, 48.8639375 ], [ 2.39875, 48.8585 ], [ 2.409375, 48.8585 ] ] ] } },
{ "type": "Feature", "properties": { "zone_id": "751409", "price_m2": 11855.0, "heat_score": 62.9, "flood_score": 31.1, "elevation": 43.5, "dist_seine": 1.29, "n_sales": 345, "risk": 43.82, "risk_score": 43.815811, "cluster": 0, "cluster_name": "expensive", "price_baseline": 11923.612, "discount_SSP2_2035": 0.02168883, "price_future_SSP2_2035": 11665.003, "verdict_SSP2_2035": "Buy", "discount_SSP2_2045": 0.036148049, "price_future_SSP2_2045": 11492.597, "verdict_SSP2_2045": "Buy", "discount_SSP5_2035": 0.039434236, "price_future_SSP5_2035": 11453.413, "verdict_SSP5_2035": "Buy", "discount_SSP5_2045": 0.065723725, "price_future_SSP5_2045": 11139.948, "verdict_SSP5_2045": "Caution" }, "geometry": { "type": "Polygon", "coordinates": [ [ [ 2.409375, 48.8639375 ], [ 2.409375, 48.869375 ], [ 2.39875, 48.869375 ], [ 2.39875, 48.8639375 ], [ 2.409375, 48.8639375 ] ] ] } },
{ "type": "Feature", "properties": { "zone_id": "751410", "price_m2": 12147.0, "heat_score": 59.4, "flood_score": 17.7, "elevation": 47.1, "dist_seine": 1.9, "n_sales": 144, "risk": 34.38, "risk_score": 34.380306, "cluster": 0, "cluster_name": "expensive", "price_baseline": 12172.999, "discount_SSP2_2035": 0.017018253, "price_future_SSP2_2035": 11965.836, "verdict_SSP2_2035": "Buy", "discount_SSP2_2045": 0.028363753, "price_future_SSP2_2045": 11827.727, "verdict_SSP2_2045": "Buy", "discount_SSP5_2035": 0.030942278, "price_future_SSP5_2035": 11796.339, "verdict_SSP5_2035": "Buy", "discount_SSP5_2045": 0.05157046, "price_future_SSP5_2045": 11545.231, "verdict_SSP5_2045": "Caution" }, "geometry": { "type": "Polygon", "coordinates": [ [ [ 2.409375, 48.869375 ], [ 2.409375, 48.8748125 ], [ 2.39875, 48.8748125 ], [ 2.39875, 48.869375 ], [ 2.409375, 48.869375 ] ] ] } },
{ "type": "Feature", "properties": { "zone_id": "751411", "price_m2": 12479.0, "heat_score": 57.1, "flood_score": 8.6, "elevation": 51.4, "dist_seine": 2.5, "n_sales": 283, "risk": 28.000000000000004, "risk_score": 28.57826, "cluster": 0, "cluster_name": "expensive", "price_baseline": 12586.48, "discount_SSP2_2035": 0.01414624, "price_future_SSP2_2035": 12408.429, "verdict_SSP2_2035": "Buy", "discount_SSP2_2045": 0.023577066, "price_future_SSP2_2045": 12289.728, "verdict_SSP2_2045": "Buy", "discount_SSP5_2035": 0.025720436, "price_future_SSP5_2035": 12262.751, "verdict_SSP5_2035": "Buy", "discount_SSP5_2045": 0.042867392, "price_future_SSP5_2045": 12046.931, "verdict_SSP5_2045": "Caution" }, "geometry": { "type": "Polygon", "coordinates": [ [ [ 2.409375, 48.8748125 ], [ 2.409375, 48.88025 ], [ 2.39875, 48.88025 ], [ 2.39875, 48.8748125 ], [ 2.409375, 48.8748125 ] ] ] } },
{ "type": "Feature", "properties": { "zone_id": "751412", "price_m2": 10193.0, "heat_score": 30.0, "flood_score": 2.9, "elevation": 60.1, "dist_seine": 3.1, "n_sales": 225, "risk": 13.74, "risk_score": 15.133022, "cluster": 1, "cluster_name": "affordable", "price_baseline": 10228.637, "discount_SSP2_2035": 0.0074908463, "price_future_SSP2_2035": 10152.016, "verdict_SSP2_2035": "Buy", "discount_SSP2_2045": 0.012484743, "price_future_SSP2_2045": 10100.935, "verdict_SSP2_2045": "Buy", "discount_SSP5_2035": 0.01361972, "price_future_SSP5_2035": 10089.325, "verdict_SSP5_2035": "Buy", "discount_SSP5_2045": 0.022699533, "price_future_SSP5_2045": 9996.4512, "verdict_SSP5_2045": "Buy" }, "geometry": { "type": "Polygon", "coordinates": [ [ [ 2.409375, 48.88025 ], [ 2.409375, 48.8856875 ], [ 2.39875, 48.8856875 ], [ 2.39875, 48.88025 ], [ 2.409375, 48.88025 ] ] ] } },
{ "type": "Feature", "properties": { "zone_id": "751413", "price_m2": 11724.0, "heat_score": 56.3, "flood_score": 10.1, "elevation": 69.1, "dist_seine": 3.71, "n_sales": 209, "risk": 28.58, "risk_score": 28.56621, "cluster": 2, "cluster_name": "heat-exposed, affordable", "price_baseline": 11775.877, "discount_SSP2_2035": 0.014140274, "price_future_SSP2_2035": 11609.363, "verdict_SSP2_2035": "Buy", "discount_SSP2_2045": 0.023567123, "price_future_SSP2_2045": 11498.354, "verdict_SSP2_2045": "Buy", "discount_SSP5_2035": 0.02570959, "price_future_SSP5_2035": 11473.124, "verdict_SSP5_2035": "Buy", "discount_SSP5_2045": 0.042849313, "price_future_SSP5_2045": 11271.289, "verdict_SSP5_2045": "Caution" }, "geometry": { "type": "Polygon", "coordinates": [ [ [ 2.409375, 48.8856875 ], [ 2.409375, 48.891125 ], [ 2.39875, 48.891125 ], [ 2.39875, 48.8856875 ], [ 2.409375, 48.8856875 ] ] ] } },
{ "type": "Feature", "properties": { "zone_id": "751414", "price_m2": 11547.0, "heat_score": 59.6, "flood_score": 3.2, "elevation": 70.4, "dist_seine": 4.31, "n_sales": 74, "risk": 25.76, "risk_score": 25.774445, "cluster": 2, "cluster_name": "heat-exposed, affordable", "price_baseline": 11505.729, "discount_SSP2_2035": 0.01275835, "price_future_SSP2_2035": 11358.935, "verdict_SSP2_2035": "Buy", "discount_SSP2_2045": 0.021263916, "price_future_SSP2_2045": 11261.072, "verdict_SSP2_2045": "Buy", "discount_SSP5_2035": 0.023197001, "price_future_SSP5_2035": 11238.83, "verdict_SSP5_2035": "Buy", "discount_SSP5_2045": 0.038661666, "price_future_SSP5_2045": 11060.898, "verdict_SSP5_2045": "Buy" }, "geometry": { "type": "Polygon", "coordinates": [ [ [ 2.409375, 48.891125 ], [ 2.409375, 48.8965625 ], [ 2.39875, 48.8965625 ], [ 2.39875, 48.891125 ], [ 2.409375, 48.891125 ] ] ] } },
{ "type": "Feature", "properties": { "zone_id": "751415", "price_m2": 10138.0, "heat_score": 30.0, "flood_score": 1.6, "elevation": 73.3, "dist_seine": 4.92, "n_sales": 56, "risk": 12.96, "risk_score": 12.965173, "cluster": 1, "cluster_name": "affordable", "price_baseline": 10082.519, "discount_SSP2_2035": 0.0064177611, "price_future_SSP2_2035": 10017.812, "verdict_SSP2_2035": "Buy", "discount_SSP2_2045": 0.010696268, "price_future_SSP2_2045": 9974.6729, "verdict_SSP2_2045": "Buy", "discount_SSP5_2035": 0.011668656, "price_future_SSP5_2035": 9964.8691, "verdict_SSP5_2035": "Buy", "discount_SSP5_2045": 0.019447759, "price_future_SSP5_2045": 9886.4365, "verdict_SSP5_2045": "Buy" }, "geometry": { "type": "Polygon", "coordinates": [ [ [ 2.409375, 48.8965625 ], [ 2.409375, 48.902 ], [ 2.39875, 48.902 ], [ 2.39875, 48.8965625 ], [ 2.409375, 48.8965625 ] ] ] } },
{ "type": "Feature", "properties": { "zone_id": "751500", "price_m2": 9437.0, "heat_score": 69.8, "flood_score": 0.4, "elevation": 66.9, "dist_seine": 4.14, "n_sales": 78, "risk": 28.16, "risk_score": 28.145481, "cluster": 2, "cluster_name": "heat-exposed, affordable", "price_baseline": 9572.4775, "discount_SSP2_2035": 0.013932015, "price_future_SSP2_2035": 9439.1143, "verdict_SSP2_2035": "Buy", "discount_SSP2_2045": 0.023220023, "price_future_SSP2_2045": 9350.2041, "verdict_SSP2_2045": "Buy", "discount_SSP5_2035": 0.025330935, "price_future_SSP5_2035": 9329.9971, "verdict_SSP5_2035": "Buy", "discount_SSP5_2045": 0.042218223, "price_future_SSP5_2045": 9168.3447, "verdict_SSP5_2045": "Caution" }, "geometry": { "type": "Polygon", "coordinates": [ [ [ 2.42, 48.815 ], [ 2.42, 48.8204375 ], [ 2.409375, 48.8204375 ], [ 2.409375, 48.815 ], [ 2.42, 48.815 ] ] ] } },
{ "type": "Feature", "properties": { "zone_id": "751501", "price_m2": 9870.0, "heat_score": 30.0, "flood_score": 7.6, "elevation": 63.3, "dist_seine": 3.53, "n_sales": 107, "risk": 16.56, "risk_score": 16.540773, "cluster": 1, "cluster_name": "affordable", "price_baseline": 10067.847, "discount_SSP2_2035": 0.0081876833, "price_future_SSP2_2035": 9985.4141, "verdict_SSP2_2035": "Buy", "discount_SSP2_2045": 0.013646139, "price_future_SSP2_2045": 9930.46, "verdict_SSP2_2045": "Buy", "discount_SSP5_2035": 0.014886698, "price_future_SSP5_2035": 9917.9697, "verdict_SSP5_2035": "Buy", "discount_SSP5_2045": 0.024811162, "price_future_SSP5_2045": 9818.0518, "verdict_SSP5_2045": "Buy" }, "geometry": { "type": "Polygon", "coordinates": [ [ [ 2.42, 48.8204375 ], [ 2.42, 48.825875 ], [ 2.409375, 48.825875 ], [ 2.409375, 48.8204375 ], [ 2.42, 48.8204375 ] ] ] } },
{ "type": "Feature", "properties": { "zone_id": "751502", "price_m2": 10771.0, "heat_score": 53.6, "flood_score": 6.4, "elevation": 52.1, "dist_seine": 2.93, "n_sales": 142, "risk": 25.28, "risk_score": 25.279613, "cluster": 1, "cluster_name": "affordable", "price_baseline": 10801.823, "discount_SSP2_2035": 0.012513411, "price_future_SSP2_2035": 10666.655, "verdict_SSP2_2035": "Buy", "discount_SSP2_2045": 0.020855684, "price_future_SSP2_2045": 10576.544, "verdict_SSP2_2045": "Buy", "discount_SSP5_2035": 0.022751655, "price_future_SSP5_2035": 10556.064, "verdict_SSP5_2035": "Buy", "discount_SSP5_2045": 0.037919424, "price_future_SSP5_2045": 10392.225, "verdict_SSP5_2045": "Buy" }, "geometry": { "type": "Polygon", "coordinates": [ [ [ 2.42, 48.825875 ], [ 2.42, 48.8313125 ], [ 2.409375, 48.8313125 ], [ 2.409375, 48.825875 ], [ 2.42, 48.825875 ] ] ] } },
{ "type": "Feature", "properties": { "zone_id": "751503", "price_m2": 10238.0, "heat_score": 77.9, "flood_score": 17.6, "elevation": 51.0, "dist_seine": 2.33, "n_sales": 97, "risk": 41.72, "risk_score": 41.720612, "cluster": 2, "cluster_name": "heat-exposed, affordable", "price_baseline": 10275.591, "discount_SSP2_2035": 0.020651706, "price_future_SSP2_2035": 10063.383, "verdict_SSP2_2035": "Buy", "discount_SSP2_2045": 0.034419507, "price_future_SSP2_2045": 9921.9102, "verdict_SSP2_2045": "Buy", "discount_SSP5_2035": 0.037548553, "price_future_SSP5_2035": 9889.7578, "verdict_SSP5_2035": "Buy", "discount_SSP5_2045": 0.062580921, "price_future_SSP5_2045": 9632.5342, "verdict_SSP5_2045": "Caution" }, "geometry": { "type": "Polygon", "coordinates": [ [ [ 2.42, 48.8313125 ], [ 2.42, 48.83675 ], [ 2.409375, 48.83675 ], [ 2.409375, 48.8313125 ], [ 2.42, 48.8313125 ] ] ] } },
{ "type": "Feature", "properties": { "zone_id": "751504", "price_m2": 11002.0, "heat_score": 62.2, "flood_score": 27.5, "elevation": 49.1, "dist_seine": 1.72, "n_sales": 176, "risk": 41.38, "risk_score": 41.380241, "cluster": 0, "cluster_name": "expensive", "price_baseline": 11260.282, "discount_SSP2_2035": 0.020483222, "price_future_SSP2_2035": 11029.636, "verdict_SSP2_2035": "Buy", "discount_SSP2_2045": 0.034138702, "price_future_SSP2_2045": 10875.871, "verdict_SSP2_2045": "Buy", "discount_SSP5_2035": 0.037242223, "price_future_SSP5_2035": 10840.924, "verdict_SSP5_2035": "Buy", "discount_SSP5_2045": 0.062070366, "price_future_SSP5_2045": 10561.353, "verdict_SSP5_2045": "Caution" }, "geometry": { "type": "Polygon", "coordinates": [ [ [ 2.42, 48.83675 ], [ 2.42, 48.8421875 ], [ 2.409375, 48.8421875 ], [ 2.409375, 48.83675 ], [ 2.42, 48.83675 ] ] ] } },
{ "type": "Feature", "properties": { "zone_id": "751505", "price_m2": 9987.0, "heat_score": 73.0, "flood_score": 46.7, "elevation": 39.5, "dist_seine": 1.12, "n_sales": 175, "risk": 57.22, "risk_score": 56.529575, "cluster": 0, "cluster_name": "expensive", "price_baseline": 10060.134, "discount_SSP2_2035": 0.027982142, "price_future_SSP2_2035": 9778.6299, "verdict_SSP2_2035": "Buy", "discount_SSP2_2045": 0.046636902, "price_future_SSP2_2045": 9590.9609, "verdict_SSP2_2045": "Caution", "discount_SSP5_2035": 0.050876621, "price_future_SSP5_2035": 9548.3086, "verdict_SSP5_2035": "Caution", "discount_SSP5_2045": 0.084794365, "price_future_SSP5_2045": 9207.0918, "verdict_SSP5_2045": "Avoid" }, "geometry": { "type": "Polygon", "coordinates": [ [ [ 2.42, 48.8421875 ], [ 2.42, 48.847625 ], [ 2.409375, 48.847625 ], [ 2.409375, 48.8421875 ], [ 2.42, 48.8421875 ] ] ] } },
{ "type": "Feature", "properties": { "zone_id": "751506", "price_m2": 11737.0, "heat_score": 53.5, "flood_score": 54.8, "elevation": 37.2, "dist_seine": 0.52, "n_sales": 358, "risk": 54.28, "risk_score": 54.286156, "cluster": 3, "cluster_name": "flood-exposed, expensive", "price_baseline": 11768.399, "discount_SSP2_2035": 0.026871651, "price_future_SSP2_2035": 11452.163, "verdict_SSP2_2035": "Buy", "discount_SSP2_2045": 0.044786084, "price_future_SSP2_2045": 11241.339, "verdict_SSP2_2045": "Caution", "discount_SSP5_2035": 0.048857547, "price_future_SSP5_2035": 11193.424, "verdict_SSP5_2035": "Caution", "discount_SSP5_2045": 0.081429243, "price_future_SSP5_2045": 10810.107, "verdict_SSP5_2045": "Avoid" }, "geometry": { "type": "Polygon", "coordinates": [ [ [ 2.42, 48.847625 ], [ 2.42, 48.8530625 ], [ 2.409375, 48.8530625 ], [ 2.409375, 48.847625 ], [ 2.42, 48.847625 ] ] ] } },
{ "type": "Feature", "properties": { "zone_id": "751507", "price_m2": 10634.0, "heat_score": 48.7, "flood_score": 96.4, "elevation": 36.9, "dist_seine": 0.09, "n_sales": 124, "risk": 77.32, "risk_score": 77.317398, "cluster": 3, "cluster_name": "flood-exposed, expensive", "price_baseline": 10667.225, "discount_SSP2_2035": 0.038272116, "price_future_SSP2_2035": 10258.967, "verdict_SSP2_2035": "Buy", "discount_SSP2_2045": 0.063786857, "price_future_SSP2_2045": 9986.7959, "verdict_SSP2_2045": "Caution", "discount_SSP5_2035": 0.069585666, "price_future_SSP5_2035": 9924.9385, "verdict_SSP5_2035": "Caution", "discount_SSP5_2045": 0.1159761, "price_future_SSP5_2045": 9430.082, "verdict_SSP5_2045": "Avoid" }, "geometry": { "type": "Polygon", "coordinates": [ [ [ 2.42, 48.8530625 ], [ 2.42, 48.8585 ], [ 2.409375, 48.8585 ], [ 2.409375, 48.8530625 ], [ 2.42, 48.8530625 ] ] ] } },
{ "type": "Feature", "properties": { "zone_id": "751508", "price_m2": 12066.0, "heat_score": 80.6, "flood_score": 59.5, "elevation": 41.0, "dist_seine": 0.69, "n_sales": 245, "risk": 67.94, "risk_score": 67.93795, "cluster": 3, "cluster_name": "flood-exposed, expensive", "price_baseline": 12067.672, "discount_SSP2_2035": 0.033629291, "price_future_SSP2_2035": 11661.845, "verdict_SSP2_2035": "Buy", "discount_SSP2_2045": 0.056048814, "price_future_SSP2_2045": 11391.293, "verdict_SSP2_2045": "Caution", "discount_SSP5_2035": 0.061144162, "price_future_SSP5_2035": 11329.804, "verdict_SSP5_2035": "Caution", "discount_SSP5_2045": 0.10190693, "price_future_SSP5_2045": 10837.893, "verdict_SSP5_2045": "Avoid" }, "geometry": { "type": "Polygon", "coordinates": [ [ [ 2.42, 48.8585 ], [ 2.42, 48.8639375 ], [ 2.409375, 48.8639375 ], [ 2.409375, 48.8585 ], [ 2.42, 48.8585 ] ] ] } },
{ "type": "Feature", "properties": { "zone_id": "751509", "price_m2": 11134.0, "heat_score": 47.5, "flood_score": 32.2, "elevation": 41.8, "dist_seine": 1.29, "n_sales": 363, "risk": 38.32, "risk_score": 38.335453, "cluster": 0, "cluster_name": "expensive", "price_baseline": 11161.895, "discount_SSP2_2035": 0.018976051, "price_future_SSP2_2035": 10950.086, "verdict_SSP2_2035": "Buy", "discount_SSP2_2045": 0.03162675, "price_future_SSP2_2045": 10808.88, "verdict_SSP2_2045": "Buy", "discount_SSP5_2035": 0.03450191, "price_future_SSP5_2035": 10776.788, "verdict_SSP5_2035": "Buy", "discount_SSP5_2045": 0.057503182, "price_future_SSP5_2045": 10520.05, "verdict_SSP5_2045": "Caution" }, "geometry": { "type": "Polygon", "coordinates": [ [ [ 2.42, 48.8639375 ], [ 2.42, 48.869375 ], [ 2.409375, 48.869375 ], [ 2.409375, 48.8639375 ], [ 2.42, 48.8639375 ] ] ] } },
{ "type": "Feature", "properties": { "zone_id": "751510", "price_m2": 13009.0, "heat_score": 61.8, "flood_score": 11.4, "elevation": 52.4, "dist_seine": 1.9, "n_sales": 203, "risk": 31.56, "risk_score": 31.57835, "cluster": 0, "cluster_name": "expensive", "price_baseline": 12978.239, "discount_SSP2_2035": 0.015631286, "price_future_SSP2_2035": 12775.373, "verdict_SSP2_2035": "Buy", "discount_SSP2_2045": 0.026052142, "price_future_SSP2_2045": 12640.129, "verdict_SSP2_2045": "Buy", "discount_SSP5_2035": 0.028420517, "price_future_SSP5_2035": 12609.391, "verdict_SSP5_2035": "Buy", "discount_SSP5_2045": 0.047367528, "price_future_SSP5_2045": 12363.492, "verdict_SSP5_2045": "Caution" }, "geometry": { "type": "Polygon", "coordinates": [ [ [ 2.42, 48.869375 ], [ 2.42, 48.8748125 ], [ 2.409375, 48.8748125 ], [ 2.409375, 48.869375 ], [ 2.42, 48.869375 ] ] ] } },
{ "type": "Feature", "properties": { "zone_id": "751511", "price_m2": 11855.0, "heat_score": 81.4, "flood_score": 12.9, "elevation": 50.3, "dist_seine": 2.5, "n_sales": 290, "risk": 40.3, "risk_score": 40.305466, "cluster": 2, "cluster_name": "heat-exposed, affordable", "price_baseline": 11852.145, "discount_SSP2_2035": 0.019951208, "price_future_SSP2_2035": 11615.68, "verdict_SSP2_2035": "Buy", "discount_SSP2_2045": 0.033252012, "price_future_SSP2_2045": 11458.037, "verdict_SSP2_2045": "Buy", "discount_SSP5_2035": 0.036274921, "price_future_SSP5_2035": 11422.209, "verdict_SSP5_2035": "Buy", "discount_SSP5_2045": 0.060458202, "price_future_SSP5_2045": 11135.585, "verdict_SSP5_2045": "Caution" }, "geometry": { "type": "Polygon", "coordinates": [ [ [ 2.42, 48.8748125 ], [ 2.42, 48.88025 ], [ 2.409375, 48.88025 ], [ 2.409375, 48.8748125 ], [ 2.42, 48.8748125 ] ] ] } },
{ "type": "Feature", "properties": { "zone_id": "751512", "price_m2": 9608.0, "heat_score": 41.4, "flood_score": 12.6, "elevation": 58.1, "dist_seine": 3.1, "n_sales": 81, "risk": 24.12, "risk_score": 24.120474, "cluster": 1, "cluster_name": "affordable", "price_baseline": 9682.9062, "discount_SSP2_2035": 0.011939636, "price_future_SSP2_2035": 9567.2959, "verdict_SSP2_2035": "Buy", "discount_SSP2_2045": 0.019899393, "price_future_SSP2_2045": 9490.2227, "verdict_SSP2_2045": "Buy", "discount_SSP5_2035": 0.021708429, "price_future_SSP5_2035": 9472.7061, "verdict_SSP5_2035": "Buy", "discount_SSP5_2045": 0.036180712, "price_future_SSP5_2045": 9332.5713, "verdict_SSP5_2045": "Buy" }, "geometry": { "type": "Polygon", "coordinates": [ [ [ 2.42, 48.88025 ], [ 2.42, 48.8856875 ], [ 2.409375, 48.8856875 ], [ 2.409375, 48.88025 ], [ 2.42, 48.88025 ] ] ] } },
{ "type": "Feature", "properties": { "zone_id": "751513", "price_m2": 11199.0, "heat_score": 80.7, "flood_score": 2.3, "elevation": 64.3, "dist_seine": 3.71, "n_sales": 177, "risk": 33.66, "risk_score": 33.660053, "cluster": 2, "cluster_name": "heat-exposed, affordable", "price_baseline": 11196.273, "discount_SSP2_2035": 0.01666173, "price_future_SSP2_2035": 11009.725, "verdict_SSP2_2035": "Buy", "discount_SSP2_2045": 0.027769547, "price_future_SSP2_2045": 10885.357, "verdict_SSP2_2045": "Buy", "discount_SSP5_2035": 0.030294051, "price_future_SSP5_2035": 10857.093, "verdict_SSP5_2035": "Buy", "discount_SSP5_2045": 0.050490085, "price_future_SSP5_2045": 10630.973, "verdict_SSP5_2045": "Caution" }, "geometry": { "type": "Polygon", "coordinates": [ [ [ 2.42, 48.8856875 ], [ 2.42, 48.891125 ], [ 2.409375, 48.891125 ], [ 2.409375, 48.8856875 ], [ 2.42, 48.8856875 ] ] ] } },
{ "type": "Feature", "properties": { "zone_id": "751514", "price_m2": 10738.0, "heat_score": 52.4, "flood_score": 0.0, "elevation": 67.2, "dist_seine": 4.31, "n_sales": 319, "risk": 20.96, "risk_score": 20.953121, "cluster": 1, "cluster_name": "affordable", "price_baseline": 10749.006, "discount_SSP2_2035": 0.010371797, "price_future_SSP2_2035": 10637.52, "verdict_SSP2_2035": "Buy", "discount_SSP2_2045": 0.017286327, "price_future_SSP2_2045": 10563.195, "verdict_SSP2_2045": "Buy", "discount_SSP5_2035": 0.018857813, "price_future_SSP5_2035": 10546.303, "verdict_SSP5_2035": "Buy", "discount_SSP5_2045": 0.031429686, "price_future_SSP5_2045": 10411.168, "verdict_SSP5_2045": "Buy" }, "geometry": { "type": "Polygon", "coordinates": [ [ [ 2.42, 48.891125 ], [ 2.42, 48.8965625 ], [ 2.409375, 48.8965625 ], [ 2.409375, 48.891125 ], [ 2.42, 48.891125 ] ] ] } },
{ "type": "Feature", "properties": { "zone_id": "751515", "price_m2": 8597.0, "heat_score": 31.2, "flood_score": 0.0, "elevation": 73.4, "dist_seine": 4.92, "n_sales": 49, "risk": 12.48, "risk_score": 13.248433, "cluster": 1, "cluster_name": "affordable", "price_baseline": 8648.5674, "discount_SSP2_2035": 0.006557975, "price_future_SSP2_2035": 8591.8496, "verdict_SSP2_2035": "Buy", "discount_SSP2_2045": 0.010929958, "price_future_SSP2_2045": 8554.0391, "verdict_SSP2_2045": "Buy", "discount_SSP5_2035": 0.011923591, "price_future_SSP5_2035": 8545.4453, "verdict_SSP5_2035": "Buy", "discount_SSP5_2045": 0.019872651, "price_future_SSP5_2045": 8476.6973, "verdict_SSP5_2045": "Buy" }, "geometry": { "type": "Polygon", "coordinates": [ [ [ 2.42, 48.8965625 ], [ 2.42, 48.902 ], [ 2.409375, 48.902 ], [ 2.409375, 48.8965625 ], [ 2.42, 48.8965625 ] ] ] } }
]
}
